0,1,2,3,4,place_name,total_count,place_id,area
0.08122879085550991,0.2505090194677621,0.1350598321128773,0.04686551169851759,0.4863368458653331,천지연폭포,27995,808,서귀포시
0.04538087520259319,0.33144246353322526,0.12641815235008103,0.023500810372771474,0.473257698541329,쇠소깍,1234,445,서귀포시
0.04008293020041465,0.2522460262612301,0.17208016586040084,0.025570145127850726,0.5100207325501037,천제연폭포,1447,800,서귀포시
0.03717688062735986,0.28289282602381643,0.16903862910252687,0.019459773453383677,0.49143189079291316,정방폭포,3443,636,서귀포시
0.03286978508217446,0.3729456384323641,0.08849557522123894,0.011378002528445006,0.4943109987357775,제주 박물관은 살아있다,791,271,서귀포시
0.044036697247706424,0.3532110091743119,0.11284403669724771,0.03486238532110092,0.45504587155963305,외돌개,1090,560,서귀포시
0.03636363636363636,0.24848484848484848,0.12121212121212122,0.048484848484848485,0.5454545454545454,황우지해안,165,919,서귀포시
0.04513540621865597,0.2637913741223671,0.24874623871614845,0.01805416248746239,0.4242728184553661,서귀포치유의숲,997,385,서귀포시
0.04916512059369202,0.37569573283859,0.10204081632653061,0.022263450834879406,0.45083487940630795,새연교,1078,366,서귀포시
0.12384792626728111,0.2557603686635945,0.12960829493087558,0.05357142857142857,0.4372119815668203,쇠소깍해변,1736,447,서귀포시
0.04821802935010482,0.3018867924528302,0.1111111111111111,0.033542976939203356,0.5052410901467506,여미지식물원,477,529,서귀포시
0.00499001996007984,0.22355289421157684,0.18063872255489022,0.020958083832335328,0.5698602794411177,제주유리박물관,1002,730,서귀포시
0.05518763796909492,0.32891832229580575,0.1335540838852097,0.02869757174392936,0.45364238410596025,테디베어뮤지엄제주,906,835,서귀포시
0.07868525896414343,0.30278884462151395,0.11653386454183266,0.012948207171314742,0.48904382470119523,1100고지(휴게소),1004,1,서귀포시
0.03534956794972506,0.3032207384131972,0.2615868028279654,0.014139827179890024,0.3857030636292223,원앙폭포,1273,586,서귀포시
0.026874115983026876,0.2828854314002829,0.1485148514851485,0.036775106082036775,0.504950495049505,서귀포자연휴양림,707,381,서귀포시
0.11607142857142858,0.2544642857142857,0.09821428571428571,0.026785714285714284,0.5044642857142857,세리월드 테마파크,1120,421,서귀포시
0.0650759219088937,0.3796095444685466,0.07592190889370933,0.021691973969631236,0.45770065075921906,감귤박물관,461,18,서귀포시
0.09956709956709957,0.42712842712842713,0.15151515151515152,0.025974025974025976,0.2958152958152958,퍼시픽 리솜 요트투어 샹그릴라,693,849,서귀포시
0.0650759219088937,0.3579175704989154,0.06073752711496746,0.01735357917570499,0.49891540130151846,게우지코지,461,41,서귀포시
0.07352941176470588,0.3125,0.09558823529411764,0.0625,0.45588235294117646,세계조가비박물관,816,420,서귀포시
0.031413612565445025,0.41361256544502617,0.08376963350785341,0.020942408376963352,0.450261780104712,중문색달해수욕장,191,781,서귀포시
0.2748091603053435,0.2824427480916031,0.061068702290076333,0.015267175572519083,0.366412213740458,새섬,131,365,서귀포시
0.062436028659160696,0.3285568065506653,0.1187308085977482,0.02661207778915046,0.46366427840327534,제주올레 6코스,977,724,서귀포시
0.02857142857142857,0.2857142857142857,0.14285714285714285,0.02857142857142857,0.5142857142857142,도순다원,70,183,서귀포시
0.02127659574468085,0.3971631205673759,0.14893617021276595,0.028368794326241134,0.40425531914893614,돈내코,282,186,서귀포시
0.11564625850340136,0.30952380952380953,0.07482993197278912,0.047619047619047616,0.4523809523809524,범섬,294,285,서귀포시
0.019736842105263157,0.47368421052631576,0.08881578947368421,0.02631578947368421,0.39144736842105265,상효원,304,362,서귀포시
0.028368794326241134,0.48226950354609927,0.1702127659574468,0.0070921985815602835,0.3120567375886525,소천지,141,434,서귀포시
0.03184713375796178,0.46496815286624205,0.14012738853503184,0.03184713375796178,0.33121019108280253,중문미로파크,157,779,서귀포시
0.0196078431372549,0.4738562091503268,0.12745098039215685,0.0392156862745098,0.33986928104575165,쉬리의언덕,612,456,서귀포시
0.07929515418502203,0.23348017621145375,0.07048458149779736,0.06607929515418502,0.5506607929515418,초콜릿랜드,227,811,서귀포시
0.0,0.30851063829787234,0.1276595744680851,0.02127659574468085,0.5425531914893617,제주올레 7코스,94,726,서귀포시
0.009036144578313253,0.39457831325301207,0.12048192771084337,0.03313253012048193,0.4427710843373494,서귀포칠십리시공원,332,386,서귀포시
0.039473684210526314,0.42105263157894735,0.10526315789473684,0.02631578947368421,0.40789473684210525,돔베낭골,76,189,서귀포시
0.0369036903690369,0.25742574257425743,0.1773177317731773,0.023402340234023402,0.504950495049505,자구리공원,1111,623,서귀포시
0.07751937984496124,0.4573643410852713,0.17829457364341086,0.007751937984496124,0.27906976744186046,올레여행자센터,129,554,서귀포시
0.03296703296703297,0.3868131868131868,0.07032967032967033,0.03736263736263736,0.4725274725274725,영실기암,455,536,서귀포시
0.17625231910946196,0.29313543599257885,0.10204081632653061,0.02040816326530612,0.40816326530612246,더 플래닛(THE PLANET),539,173,서귀포시
0.07973421926910298,0.2292358803986711,0.15614617940199335,0.04318936877076412,0.49169435215946844,왈종미술관,301,558,서귀포시
0.030303030303030304,0.2222222222222222,0.1919191919191919,0.030303030303030304,0.5252525252525253,엉덩물계곡,99,525,서귀포시
0.010050251256281407,0.2864321608040201,0.16080402010050251,0.005025125628140704,0.5376884422110553,천제연폭포 & 제주4.3중문면희생자위령비,199,801,서귀포시
0.01971326164874552,0.2410394265232975,0.12544802867383512,0.021505376344086023,0.5922939068100358,법화사지,1116,287,서귀포시
0.06766917293233082,0.24812030075187969,0.10526315789473684,0.015037593984962405,0.5639097744360902,황우지해안 열두굴,133,920,서귀포시
0.01639344262295082,0.19672131147540983,0.18032786885245902,0.16393442622950818,0.4426229508196721,제주올레 7-1코스,122,725,서귀포시
0.0,0.3880597014925373,0.12686567164179105,0.014925373134328358,0.4701492537313433,제주다원 녹차미로공원,134,659,서귀포시
0.07929515418502203,0.23348017621145375,0.07048458149779736,0.06607929515418502,0.5506607929515418,제주워터월드,227,729,서귀포시
0.028513238289205704,0.29124236252545826,0.1364562118126273,0.004073319755600814,0.539714867617108,제주올레 8코스,491,727,서귀포시
0.019230769230769232,0.38461538461538464,0.15384615384615385,0.07692307692307693,0.36538461538461536,정모시쉼터,52,634,서귀포시
0.013888888888888888,0.3333333333333333,0.2638888888888889,0.013888888888888888,0.375,제지기오름,72,754,서귀포시
0.06493506493506493,0.38961038961038963,0.1038961038961039,0.03896103896103896,0.4025974025974026,윈드1947 카트 테마파크,77,599,서귀포시
0.04907161803713528,0.4442970822281167,0.11405835543766578,0.017241379310344827,0.3753315649867374,굿다이버,754,73,서귀포시
0.07262569832402235,0.46089385474860334,0.12849162011173185,0.0335195530726257,0.30446927374301674,강정천유원지,358,24,서귀포시
0.0,0.28205128205128205,0.10256410256410256,0.05128205128205128,0.5641025641025641,서복전시관,39,389,서귀포시
0.016736401673640166,0.2384937238493724,0.09205020920502092,0.029288702928870293,0.6234309623430963,서귀포예술의전당,239,380,서귀포시
0.06521739130434782,0.43478260869565216,0.043478260869565216,0.0,0.45652173913043476,서건도,46,371,서귀포시
0.013071895424836602,0.3333333333333333,0.08496732026143791,0.0457516339869281,0.5228758169934641,간세공방,306,17,서귀포시
0.3375430539609644,0.3455797933409874,0.0539609644087256,0.018369690011481057,0.24454649827784156,소정방폭포,871,433,서귀포시
0.012345679012345678,0.2777777777777778,0.11728395061728394,0.06790123456790123,0.5246913580246914,소암현중화기념관,162,431,서귀포시
0.06944444444444445,0.2777777777777778,0.1111111111111111,0.013888888888888888,0.5277777777777778,소라의성,72,428,서귀포시
0.03678929765886288,0.451505016722408,0.09698996655518395,0.020066889632107024,0.39464882943143814,베릿네오름,299,289,서귀포시
0.04419889502762431,0.26887661141804786,0.143646408839779,0.016574585635359115,0.5267034990791897,보목포구,543,298,서귀포시
0.11077844311377245,0.2155688622754491,0.09281437125748503,0.041916167664670656,0.5389221556886228,법환포구,334,288,서귀포시
0.05211726384364821,0.31596091205211724,0.06514657980456026,0.048859934853420196,0.5179153094462541,삼매봉,307,353,서귀포시
0.07583965330444203,0.31852654387865653,0.12134344528710726,0.023835319609967497,0.46045503791982667,쇠소깍제트,923,446,서귀포시
0.04737516005121639,0.26248399487836105,0.2573623559539053,0.023047375160051217,0.40973111395646605,걸매생태공원,781,36,서귀포시
0.1378026070763501,0.2756052141527002,0.10614525139664804,0.0335195530726257,0.44692737430167595,거믄여해안경승지,537,30,서귀포시
0.09090909090909091,0.42424242424242425,0.12121212121212122,0.030303030303030304,0.3333333333333333,한국야구명예전당(야구박물관),33,870,서귀포시
0.11655874190564293,0.2599444958371878,0.09898242368177614,0.02127659574468085,0.5032377428307123,존자암지,1081,768,서귀포시
0.1323529411764706,0.3088235294117647,0.12254901960784313,0.029411764705882353,0.4068627450980392,천주교 순례길 - 하논성당길,204,805,서귀포시
0.03184713375796178,0.46496815286624205,0.14012738853503184,0.03184713375796178,0.33121019108280253,조이다이브,157,759,서귀포시
0.0,0.45,0.1,0.03333333333333333,0.4166666666666667,소남머리,60,427,서귀포시
0.04339622641509434,0.2632075471698113,0.2481132075471698,0.016981132075471698,0.42830188679245285,맛있는 철학자(태반의땅제주),1060,225,서귀포시
0.02666666666666667,0.37666666666666665,0.08666666666666667,0.02,0.49,"보롬이(하논, 화구구)",300,297,서귀포시
0.05,0.3,0.2,0.0,0.45,문화빳데리 충전소,20,251,서귀포시
0.11290322580645161,0.27419354838709675,0.1774193548387097,0.016129032258064516,0.41935483870967744,서귀포시립기당미술관,62,379,서귀포시
0.03571428571428571,0.2857142857142857,0.21428571428571427,0.14285714285714285,0.32142857142857145,서귀다원,28,374,서귀포시
0.3157894736842105,0.2631578947368421,0.05263157894736842,0.0,0.3684210526315789,제주국제평화센터,19,652,서귀포시
0.0,1.0,0.0,0.0,0.0,돈내코유원지,1,187,서귀포시
0.0,1.0,0.0,0.0,0.0,예래생태체험관,1,539,서귀포시
0.0,0.38095238095238093,0.047619047619047616,0.0,0.5714285714285714,월평포구,21,596,서귀포시
0.0,0.25925925925925924,0.1111111111111111,0.14814814814814814,0.48148148148148145,월라사,27,590,서귀포시
0.05263157894736842,0.2631578947368421,0.12280701754385964,0.0,0.5614035087719298,한라산영실코스,57,877,서귀포시
0.07692307692307693,0.4230769230769231,0.15384615384615385,0.038461538461538464,0.3076923076923077,백록담,26,280,서귀포시
0.045112781954887216,0.18796992481203006,0.24060150375939848,0.015037593984962405,0.5112781954887218,중문관광단지,133,777,서귀포시
0.047619047619047616,0.2857142857142857,0.16666666666666666,0.09523809523809523,0.40476190476190477,서귀포잠수함(대국해저관광)	,42,382,서귀포시
0.0,0.5,0.0,0.0,0.5,엉또폭포,28,526,서귀포시
0.1111111111111111,0.3333333333333333,0.1111111111111111,0.0,0.4444444444444444,동백포레스트,9,195,서귀포시
0.2222222222222222,0.16666666666666666,0.16666666666666666,0.1111111111111111,0.3333333333333333,섶섬(서귀포해양도립공원),18,417,서귀포시
0.0,0.6666666666666666,0.0,0.0,0.3333333333333333,감귤박물관 월라봉 산책로 - 생이소리길,3,19,서귀포시
0.0,0.375,0.0,0.0,0.625,중문색달해변(해산물),8,780,서귀포시
0.05747126436781609,0.26436781609195403,0.10344827586206896,0.017241379310344827,0.5574712643678161,문섬(서귀포해양도립공원),174,249,서귀포시
0.0,0.4,0.2,0.0,0.4,돔베낭길,5,190,서귀포시
0.0,0.3,0.4,0.0,0.3,고근산(고공산),10,42,서귀포시
0.25,0.5,0.0,0.0,0.25,천지연기정길,4,807,서귀포시
0.0,0.8,0.2,0.0,0.0,소천지,5,378,서귀포시 동부
0.0,0.8,0.2,0.0,0.0,제주다이브 체험다이빙,5,660,서귀포시
0.0,0.0,0.23076923076923078,0.15384615384615385,0.6153846153846154,제주해양레저파크,13,749,서귀포시
0.0,0.0,0.0,0.0,1.0,중문리 신사터,1,778,서귀포시
0.07228915662650602,0.34611171960569553,0.11391018619934283,0.04764512595837897,0.42004381161007665,들렁모루 산책길,1826,204,서귀포시
0.054447852760736194,0.24233128834355827,0.13266871165644173,0.01687116564417178,0.553680981595092,법정사,1304,286,서귀포시
0.02830188679245283,0.259958071278826,0.1320754716981132,0.049266247379454925,0.5303983228511531,제주해양레저 ,954,748,서귀포시
0.08888888888888889,0.24444444444444444,0.28888888888888886,0.0,0.37777777777777777,월라봉(효돈),45,589,서귀포시
0.0,0.0,1.0,0.0,0.0,거믄여해안경승지,1,2,서귀포시 서부
0.034482758620689655,0.4482758620689655,0.13793103448275862,0.0,0.3793103448275862,"보롬이(하논, 화구구)",29,22,제주시 서부
0.024,0.48,0.16,0.04,0.296,섭지코지,125,400,서귀포시 동부
0.012903225806451613,0.3032258064516129,0.13548387096774195,0.03225806451612903,0.5161290322580645,아쿠아플라넷 제주,310,496,서귀포시 동부
0.0,0.2222222222222222,0.14814814814814814,0.037037037037037035,0.5925925925925926,제주민속촌,27,676,서귀포시 동부
0.0,0.35714285714285715,0.0,0.07142857142857142,0.5714285714285714,붉은오름(표선면),14,313,서귀포시 동부
0.05084745762711865,0.3389830508474576,0.1016949152542373,0.014527845036319613,0.4939467312348668,남원항 (남원포구),413,128,서귀포시 동부
0.0,0.25,0.0,0.16666666666666666,0.5833333333333334,두산봉(말미오름),12,202,서귀포시 동부
0.02702702702702703,0.43243243243243246,0.13513513513513514,0.0,0.40540540540540543,오림반,37,545,서귀포시 동부
0.0,0.16666666666666666,0.16666666666666666,0.0,0.6666666666666666,온평리 포구,6,552,서귀포시 동부
0.0,0.4444444444444444,0.0,0.4444444444444444,0.1111111111111111,낙타트래킹,9,121,서귀포시 동부
0.17647058823529413,0.0,0.17647058823529413,0.058823529411764705,0.5882352941176471,"대수산봉(큰물뫼,물미오름)",17,161,서귀포시 동부
0.06060606060606061,0.30303030303030304,0.3333333333333333,0.0,0.30303030303030304,이음새,33,610,서귀포시 동부
1.0,0.0,0.0,0.0,0.0,성산오조리해안,1,407,서귀포시 동부
0.038461538461538464,0.34615384615384615,0.16666666666666666,0.0,0.44871794871794873,모구리오름,78,234,서귀포시 동부
0.09375,0.375,0.125,0.0,0.40625,이승이오름(이승악),32,609,서귀포시 동부
0.0,0.29411764705882354,0.35294117647058826,0.0,0.35294117647058826,아이리스촬영지(하얀등대),17,492,서귀포시 동부
0.0,0.25,0.08333333333333333,0.0,0.6666666666666666,성산 유채꽃재배단지,12,405,서귀포시 동부
0.0,0.4444444444444444,0.4444444444444444,0.0,0.1111111111111111,지포뮤지엄,9,788,서귀포시 동부
0.05263157894736842,0.3684210526315789,0.3157894736842105,0.05263157894736842,0.21052631578947367,5.16도로숲터널,19,5,서귀포시 동부
0.1,0.5,0.1,0.0,0.3,큰사슴이오름,10,827,서귀포시 동부
1.0,0.0,0.0,0.0,0.0,영주산,1,537,서귀포시 동부
0.058823529411764705,0.17647058823529413,0.35294117647058826,0.0,0.4117647058823529,마흐니 숲길,17,221,서귀포시 동부
0.037037037037037035,0.4444444444444444,0.1111111111111111,0.0,0.4074074074074074,신천리 벽화마을,27,475,서귀포시 동부
0.35384615384615387,0.15384615384615385,0.046153846153846156,0.0,0.4461538461538462,통오름,65,843,서귀포시 동부
0.0,0.5,0.25,0.0,0.25,신양해안도로,4,470,서귀포시 동부
0.0,0.3333333333333333,0.0,0.0,0.6666666666666666,표선세화해안도로,3,858,서귀포시 동부
0.17391304347826086,0.2608695652173913,0.17391304347826086,0.0,0.391304347826087,사려니오름,23,334,서귀포시 동부
0.0,0.6470588235294118,0.11764705882352941,0.0,0.23529411764705882,족은사슴이오름,17,767,서귀포시 동부
0.0,0.2,0.2,0.0,0.6,독자봉,5,185,서귀포시 동부
0.05555555555555555,0.16666666666666666,0.16666666666666666,0.05555555555555555,0.5555555555555556,개오름,18,25,서귀포시 동부
0.0,0.0,0.3333333333333333,0.0,0.6666666666666666,한모살 (표선백사장),6,885,서귀포시 동부
0.0,0.6666666666666666,0.16666666666666666,0.0,0.16666666666666666,감귤상웨빵 체험,6,20,서귀포시 동부
0.0,0.45454545454545453,0.18181818181818182,0.09090909090909091,0.2727272727272727,모지오름,11,237,서귀포시 동부
0.05263157894736842,0.3684210526315789,0.3157894736842105,0.05263157894736842,0.21052631578947367,매오름,19,227,서귀포시 동부
0.03125,0.25,0.15625,0.0,0.5625,공천포구,32,56,서귀포시 동부
0.0,0.3333333333333333,0.0,0.0,0.6666666666666666,토산봉(망오름),6,839,서귀포시 동부
0.26666666666666666,0.5333333333333333,0.06666666666666667,0.0,0.13333333333333333,좌보미오름,15,774,서귀포시 동부
0.3125,0.125,0.0625,0.0625,0.4375,궁대오름(궁대악),16,74,서귀포시 동부
0.0,0.45454545454545453,0.18181818181818182,0.09090909090909091,0.2727272727272727,망장포,11,226,서귀포시 동부
0.045760138798525266,0.2501626545217957,0.1237258729126003,0.03133810453263934,0.5490132292344394,신산환해장성,9222,467,서귀포시 동부
0.05591397849462366,0.3139784946236559,0.11182795698924732,0.015053763440860216,0.5032258064516129,성산~세화 해안도로,465,406,서귀포시 동부
0.12286995515695068,0.2825112107623318,0.08968609865470852,0.033183856502242155,0.4717488789237668,서귀포 다이브센터,1115,376,서귀포시 동부
0.12864077669902912,0.24635922330097088,0.0703883495145631,0.04733009708737864,0.5072815533980582,농개,824,140,서귀포시 동부
0.14602587800369685,0.2754158964879852,0.15249537892791126,0.015711645101663587,0.41035120147874304,"자배봉(자배오름,망오름)",1082,625,서귀포시 동부
0.030361757105943153,0.23708010335917312,0.16214470284237725,0.06589147286821706,0.5045219638242894,제주오렌지,1548,701,서귀포시 동부
0.040973111395646605,0.26376440460947503,0.1293213828425096,0.011523687580025609,0.5544174135723432,온평리 환해장성,781,553,서귀포시 동부
0.08915145005370569,0.37056928034371645,0.11170784103114931,0.017185821697099892,0.4113856068743287,성산일출봉,931,408,서귀포시 동부
0.065,0.35,0.225,0.00875,0.35125,광치기해변,800,65,서귀포시 동부
0.023719165085388995,0.4117647058823529,0.1698292220113852,0.027514231499051234,0.36717267552182165,휴애리 자연생활공원,1054,925,서귀포시 동부
0.089,0.297,0.101,0.033,0.48,제주동백수목원,1000,667,서귀포시 동부
0.09487951807228916,0.2756024096385542,0.13102409638554216,0.0391566265060241,0.45933734939759036,보롬왓,664,296,서귀포시 동부
0.07506702412868632,0.35656836461126007,0.09785522788203753,0.012064343163538873,0.4584450402144772,성읍민속마을,746,414,서귀포시 동부
0.01282051282051282,0.2564102564102564,0.0641025641025641,0.05128205128205128,0.6153846153846154,제주해양동물박물관,78,747,서귀포시 동부
0.05042016806722689,0.3907563025210084,0.09663865546218488,0.025210084033613446,0.4369747899159664,제주허브동산,238,751,서귀포시 동부
0.3333333333333333,0.22,0.12,0.013333333333333334,0.31333333333333335,붉은오름 자연휴양림,150,311,서귀포시 동부
0.07589285714285714,0.3705357142857143,0.11160714285714286,0.03125,0.4107142857142857,김영갑갤러리 두모악,224,111,서귀포시 동부
0.015086206896551725,0.36314655172413796,0.1875,0.14331896551724138,0.29094827586206895,제주커피박물관 바움 Baum,928,741,서귀포시 동부
0.08849557522123894,0.2831858407079646,0.12389380530973451,0.008849557522123894,0.49557522123893805,사라오름,113,332,서귀포시 동부
0.016666666666666666,0.3194444444444444,0.18055555555555555,0.04722222222222222,0.4361111111111111,일출랜드,360,618,서귀포시 동부
0.030339083878643664,0.24747174301011302,0.13325401546698393,0.0594883997620464,0.529446757882213,제주올레 1코스,1681,717,서귀포시 동부
0.009900990099009901,0.37623762376237624,0.1485148514851485,0.019801980198019802,0.44554455445544555,따라비오름,101,207,서귀포시 동부
0.037037037037037035,0.3253968253968254,0.30687830687830686,0.011904761904761904,0.3187830687830688,제주베니스랜드,756,678,서귀포시 동부
0.03208556149732621,0.4117647058823529,0.10160427807486631,0.026737967914438502,0.42780748663101603,성읍녹차마을,187,411,서귀포시 동부
0.08962868117797695,0.3713188220230474,0.07170294494238157,0.023047375160051217,0.44430217669654287,백약이오름,781,281,서귀포시 동부
0.03233830845771144,0.22139303482587064,0.05970149253731343,0.07711442786069651,0.6094527363184079,남원큰엉해변,402,127,서귀포시 동부
0.034782608695652174,0.3565217391304348,0.1391304347826087,0.0,0.46956521739130436,미천굴,115,259,서귀포시 동부
0.00684931506849315,0.2671232876712329,0.1232876712328767,0.03767123287671233,0.565068493150685,유민미술관,292,602,서귀포시 동부
0.0136986301369863,0.3013698630136986,0.0958904109589041,0.0136986301369863,0.5753424657534246,대장금촬영지(제주민속촌),73,165,서귀포시 동부
0.23214285714285715,0.20535714285714285,0.05357142857142857,0.0,0.5089285714285714,옷귀마테마타운,112,555,서귀포시 동부
0.13504273504273503,0.29572649572649573,0.07179487179487179,0.008547008547008548,0.4888888888888889,머체왓숲길,585,229,서귀포시 동부
0.01090909090909091,0.32,0.13818181818181818,0.06181818181818182,0.4690909090909091,신흥2리 동백마을,275,482,서귀포시 동부
0.034482758620689655,0.3448275862068966,0.1896551724137931,0.034482758620689655,0.39655172413793105,제주올레 2코스,58,720,서귀포시 동부
0.023809523809523808,0.48412698412698413,0.15873015873015872,0.03968253968253968,0.29365079365079366,혼인지,126,909,서귀포시 동부
0.06160458452722063,0.3209169054441261,0.1174785100286533,0.03868194842406877,0.46131805157593125,세계술박물관,698,418,서귀포시 동부
0.20610687022900764,0.3053435114503817,0.12213740458015267,0.030534351145038167,0.33587786259541985,신양섭지해수욕장,131,468,서귀포시 동부
0.03202479338842975,0.2975206611570248,0.15082644628099173,0.029958677685950414,0.4896694214876033,폴개협동조합,968,857,서귀포시 동부
0.006944444444444444,0.5694444444444444,0.06944444444444445,0.013888888888888888,0.3402777777777778,다이나믹메이즈,144,150,서귀포시 동부
0.11552346570397112,0.26173285198555957,0.08483754512635379,0.05054151624548736,0.48736462093862815,성읍랜드,554,412,서귀포시 동부
0.06896551724137931,0.13793103448275862,0.1896551724137931,0.08620689655172414,0.5172413793103449,옥돔마을,58,551,서귀포시 동부
0.047038327526132406,0.30139372822299654,0.17247386759581881,0.020905923344947737,0.45818815331010454,표선해수욕장,574,859,서귀포시 동부
0.08997722095671981,0.3724373576309795,0.11845102505694761,0.012528473804100227,0.40660592255125283,제주아리랑 NEW 혼,878,694,서귀포시 동부
0.015418502202643172,0.3436123348017621,0.07195301027900147,0.03010279001468429,0.5389133627019089,효명사,1362,921,서귀포시 동부
0.02631578947368421,0.32894736842105265,0.2631578947368421,0.02631578947368421,0.35526315789473684,제주올레 3코스,76,721,서귀포시 동부
0.03297682709447415,0.2994652406417112,0.20231729055258468,0.016042780748663103,0.44919786096256686,조랑말체험공원,1122,755,서귀포시 동부
0.2865691489361702,0.34773936170212766,0.028590425531914893,0.00997340425531915,0.3271276595744681,해품은체험농장,1504,895,서귀포시 동부
0.07009345794392523,0.42990654205607476,0.13317757009345793,0.018691588785046728,0.34813084112149534,청초밭영농조합법인,428,810,서귀포시 동부
0.04294478527607362,0.3067484662576687,0.17791411042944785,0.05521472392638037,0.4171779141104294,오름터 민속마을,163,544,서귀포시 동부
0.06756756756756757,0.28378378378378377,0.10810810810810811,0.02702702702702703,0.5135135135135135,오조포구,74,548,서귀포시 동부
0.03469387755102041,0.2836734693877551,0.1510204081632653,0.0653061224489796,0.46530612244897956,위미리 동백나무군락,490,597,서귀포시 동부
0.057971014492753624,0.18840579710144928,0.3333333333333333,0.014492753623188406,0.4057971014492754,위미항,69,598,서귀포시 동부
0.0,0.2962962962962963,0.07407407407407407,0.037037037037037035,0.5925925925925926,물영아리오름,27,255,서귀포시 동부
0.018867924528301886,0.29245283018867924,0.09433962264150944,0.018867924528301886,0.5754716981132075,허브동산 미디어 파사드 (media facade),106,898,서귀포시 동부
0.009009009009009009,0.42342342342342343,0.09009009009009009,0.018018018018018018,0.4594594594594595,빛의 벙커,111,325,서귀포시 동부
0.00909090909090909,0.36363636363636365,0.13636363636363635,0.045454545454545456,0.44545454545454544,포토갤러리 자연사랑미술관,110,856,서귀포시 동부
0.04092833620824839,0.20417124039517015,0.14803198996393288,0.04202603104908264,0.564842402383566,목장카페 드르쿰다,6377,239,서귀포시 동부
0.10588611644273832,0.2751119641714651,0.09532949456174024,0.03486884197056942,0.4888035828534869,공천포,6252,55,서귀포시 동부
0.05884066414214972,0.22371103990678706,0.17302650742790562,0.050975822895426744,0.49344596562773085,제주올레 4코스,3433,722,서귀포시 동부
0.10520140789988268,0.2624168947985921,0.10950332420805632,0.03480641376613219,0.4880719593273367,제주올레 5코스,2557,723,서귀포시 동부
0.04809052333804809,0.26874115983026875,0.1272984441301273,0.031117397454031116,0.5247524752475248,태웃개,707,832,서귀포시 동부
0.07927332782824112,0.2782824112303881,0.1263418662262593,0.037159372419488024,0.47894302229562347,고흐의 정원,1211,52,서귀포시 동부
0.02681992337164751,0.2413793103448276,0.16091954022988506,0.034482758620689655,0.5363984674329502,고살리숲길,261,48,서귀포시 동부
0.07407407407407407,0.37037037037037035,0.15637860082304528,0.024691358024691357,0.37448559670781895,수악 (물오름),243,451,서귀포시 동부
0.06372549019607843,0.35294117647058826,0.14705882352941177,0.03431372549019608,0.4019607843137255,쇠와꽃 승마장,204,448,서귀포시 동부
0.0265625,0.2984375,0.1203125,0.0390625,0.515625,알프스승마장포니,640,510,서귀포시 동부
0.14615384615384616,0.2846153846153846,0.11538461538461539,0.03076923076923077,0.4230769230769231,성읍승마장,130,415,서귀포시 동부
0.03636363636363636,0.2545454545454545,0.14545454545454545,0.0,0.5636363636363636,성산포항,110,410,서귀포시 동부
0.007692307692307693,0.2153846153846154,0.12307692307692308,0.05384615384615385,0.6,일출랜드 아트센터,130,619,서귀포시 동부
0.02027027027027027,0.2905405405405405,0.10810810810810811,0.14189189189189189,0.4391891891891892,대포해안주상절리대,148,775,서귀포시 
0.018518518518518517,0.3055555555555556,0.10185185185185185,0.12037037037037036,0.4537037037037037, 제주 올레길,108,703,서귀포시 서부
0.01607717041800643,0.19292604501607716,0.2572347266881029,0.03858520900321544,0.49517684887459806, 산방산,311,340,서귀포시 서부
0.0,0.31645569620253167,0.10126582278481013,0.0759493670886076,0.5063291139240507, 헬로 키티 아일랜드,79,899,서귀포시 서부
0.02857142857142857,0.34285714285714286,0.11428571428571428,0.05714285714285714,0.45714285714285713, 건강과 성 박물관,35,34,서귀포시 서부
0.038461538461538464,0.3076923076923077,0.11538461538461539,0.038461538461538464,0.5, 제주항공우주박물관,26,745,서귀포시 서부
0.004739336492890996,0.1848341232227488,0.12322274881516587,0.0995260663507109,0.5876777251184834, 카멜리아힐,211,818,서귀포시 서부
0.025210084033613446,0.19607843137254902,0.19607843137254902,0.05322128851540616,0.5294117647058824, 산방굴사,357,337,서귀포시 서부
0.05555555555555555,0.1111111111111111,0.4444444444444444,0.05555555555555555,0.3333333333333333, 관음사,18,62,제주시
0.0,0.21739130434782608,0.30434782608695654,0.0,0.4782608695652174, 더 마 파크,23,175,제주시 서부
0.027472527472527472,0.16758241758241757,0.18406593406593408,0.057692307692307696,0.5631868131868132, 마라도,364,216,서귀포시 서부
0.1282051282051282,0.1282051282051282,0.16666666666666666,0.0641025641025641,0.5128205128205128, 신화테마파크,78,479,서귀포시 서부
0.0125,0.1625,0.1,0.0125,0.7125, 세계자동차제주박물관,80,419,서귀포시 서부
0.023255813953488372,0.40930232558139534,0.12093023255813953,0.027906976744186046,0.4186046511627907, 이중섭 미술관,215,613,서귀포시 
0.03076923076923077,0.17692307692307693,0.1,0.08461538461538462,0.6076923076923076, 가파도,130,15,서귀포시 서부
0.041666666666666664,0.25,0.075,0.025,0.6083333333333333, 이호테우해변,120,616,제주시
0.018292682926829267,0.21341463414634146,0.1951219512195122,0.10365853658536585,0.4695121951219512, 제주평화박물관,164,743,제주시 서부
0.28819875776397513,0.22111801242236026,0.049689440993788817,0.016149068322981366,0.4248447204968944,오설록티뮤지엄,805,547,서귀포시 서부
0.0321285140562249,0.27710843373493976,0.1646586345381526,0.040160642570281124,0.4859437751004016,곶자왈,249,57,서귀포시 서부
0.0182648401826484,0.2420091324200913,0.1506849315068493,0.1780821917808219,0.410958904109589,알뜨르비행장,219,503,서귀포시 서부
0.032388663967611336,0.25101214574898784,0.05263157894736842,0.058704453441295545,0.6052631578947368,바이나흐튼 크리스마스 박물관,494,270,서귀포시 서부
0.010416666666666666,0.3229166666666667,0.08333333333333333,0.020833333333333332,0.5625,제주실탄사격장,96,693,서귀포시 서부
0.037243947858473,0.3538175046554935,0.10986964618249534,0.0186219739292365,0.48044692737430167,사계 용머리해안,537,327,서귀포시 서부
0.015126050420168067,0.2823529411764706,0.11428571428571428,0.021848739495798318,0.5663865546218487,"군산(군산오름,코메오름)",595,71,서귀포시 서부
0.016359918200409,0.2740286298568507,0.1165644171779141,0.022494887525562373,0.5705521472392638,천주교길 정난주길(고통의길)  ,489,806,서귀포시 서부
0.10714285714285714,0.35714285714285715,0.0,0.03571428571428571,0.5,볼레낭길,28,301,서귀포시 서부
0.05,0.45,0.1,0.0,0.4,그린크루즈(산방산유람선),20,83,서귀포시 서부
0.0,0.0,0.5,0.0,0.5,모슬봉 (모슬개오름),4,235,서귀포시 서부
0.0,0.5238095238095238,0.14285714285714285,0.0,0.3333333333333333,서광리 곶자왈생태탐방로,21,372,서귀포시 서부
0.058823529411764705,0.35294117647058826,0.17647058823529413,0.11764705882352941,0.29411764705882354,섯알오름,17,401,서귀포시 서부
0.0,0.3333333333333333,0.1111111111111111,0.05555555555555555,0.5,형제섬,18,906,서귀포시 서부
0.037037037037037035,0.2962962962962963,0.0,0.0,0.6666666666666666,화순금모래해수욕장담수수영장 ,27,912,서귀포시 서부
0.0,0.25,0.0,0.0,0.75,"그대, 나의 뮤즈 : 클림트 to 마티스",4,79,서귀포시 서부
0.0,0.5,0.0,0.0,0.5,별내린전망대,2,291,서귀포시 서부
0.0,0.25,0.0,0.0,0.75,김서프제주,4,110,서귀포시 서부
0.0,0.3,0.2,0.1,0.4,무릉곶자왈,10,242,서귀포시 서부
0.0,0.14285714285714285,0.2857142857142857,0.0,0.5714285714285714,큰넓궤,7,824,서귀포시 서부
0.2,0.4,0.0,0.0,0.4,디스커버제주,5,206,서귀포시 서부
0.09375,0.375,0.0625,0.03125,0.4375,화순금모래해수욕장,32,911,서귀포시 서부
0.041666666666666664,0.4166666666666667,0.041666666666666664,0.0,0.5,조은승마장,24,758,서귀포시 서부
0.037037037037037035,0.5185185185185185,0.14814814814814814,0.0,0.2962962962962963,대정해변(하모해변),27,167,서귀포시 서부
0.0,0.0,0.0,0.0,0.0,백조일손지묘(백조일손지지),0,880,서귀포시 서부
0.0,0.13333333333333333,0.2,0.2,0.4666666666666667,백조일손지묘,15,284,서귀포시 서부
0.0,0.0,0.0,0.0,1.0,마라도기원정사,6,217,서귀포시 서부
0.0,0.38461538461538464,0.15384615384615385,0.0,0.46153846153846156,신도포구,13,463,서귀포시 서부
0.0,0.0,0.0,0.0,1.0,송악산 진지동굴,1,442,서귀포시 서부
0.0189873417721519,0.3322784810126582,0.11708860759493671,0.060126582278481014,0.47151898734177217,송계순집터,316,437,서귀포시 서부
0.0,0.13333333333333333,0.13333333333333333,0.06666666666666667,0.6666666666666666,제주무등이왓터,15,241,서귀포시 서부
0.07142857142857142,0.2857142857142857,0.07142857142857142,0.0,0.5714285714285714,마복이오름,14,219,서귀포시 서부
0.0,0.2857142857142857,0.0,0.0,0.7142857142857143,바당미술관,7,268,서귀포시 서부
0.0,0.2857142857142857,0.0,0.0,0.7142857142857143,제주신화전설탐방로 신나락만나락,7,692,서귀포시 서부
0.0,0.5,0.25,0.0,0.25,당오름(안덕면),8,157,서귀포시 서부
0.0,0.2857142857142857,0.21428571428571427,0.0,0.5,왕이메오름,14,559,서귀포시 서부
0.033707865168539325,0.3438202247191011,0.11910112359550562,0.01348314606741573,0.4898876404494382,용머리해안,445,566,서귀포시 서부
0.05723905723905724,0.2895622895622896,0.07407407407407407,0.02356902356902357,0.5555555555555556,산방산탄산온천,297,342,서귀포시 서부
0.024539877300613498,0.44785276073619634,0.11042944785276074,0.024539877300613498,0.39263803680981596,송악산,163,441,서귀포시 서부
0.01646090534979424,0.4156378600823045,0.07818930041152264,0.01646090534979424,0.4732510288065844,소인국테마파크,486,432,서귀포시 서부
0.05185185185185185,0.4074074074074074,0.1259259259259259,0.007407407407407408,0.4074074074074074,산방산,135,338,서귀포시 서부
0.03023758099352052,0.45788336933045354,0.09287257019438445,0.01079913606911447,0.408207343412527,안덕계곡,463,499,서귀포시 서부
0.1900990099009901,0.2732673267326733,0.07524752475247524,0.005940594059405941,0.45544554455445546,이니스프리제주하우스,505,605,서귀포시 서부
0.04838709677419355,0.46774193548387094,0.11290322580645161,0.03225806451612903,0.3387096774193548,사계해변,62,328,서귀포시 서부
0.03355704697986577,0.3512304250559284,0.12080536912751678,0.02237136465324385,0.4720357941834452,산방산 용머리해안 지질트레일,447,341,서귀포시 서부
0.10837438423645321,0.3399014778325123,0.06157635467980296,0.027093596059113302,0.4630541871921182,점보빌리지,406,633,서귀포시 서부
0.028662420382165606,0.3073248407643312,0.18630573248407642,0.030254777070063694,0.44745222929936307,초콜릿박물관,628,812,서귀포시 서부
0.012755102040816327,0.35459183673469385,0.061224489795918366,0.06887755102040816,0.5025510204081632,제주곶자왈도립공원,392,649,서귀포시 서부
0.012678288431061807,0.3438985736925515,0.09033280507131537,0.07606973058637084,0.47702060221870046,제주아트서커스,631,695,서귀포시 서부
0.012295081967213115,0.2889344262295082,0.08196721311475409,0.010245901639344262,0.6065573770491803,본태박물관,488,300,서귀포시 서부
0.13725490196078433,0.4117647058823529,0.058823529411764705,0.0196078431372549,0.37254901960784315,피규어뮤지엄 제주,51,863,서귀포시 서부
0.08426966292134831,0.4438202247191011,0.09550561797752809,0.028089887640449437,0.34831460674157305,귤밭76번지,178,77,서귀포시 서부
0.014598540145985401,0.33941605839416056,0.10948905109489052,0.06569343065693431,0.4708029197080292,대평포구,274,170,서귀포시 서부
0.022727272727272728,0.5227272727272727,0.18181818181818182,0.022727272727272728,0.25,사계해안도로,44,329,서귀포시 서부
0.010526315789473684,0.3894736842105263,0.14736842105263157,0.021052631578947368,0.43157894736842106,제주추사관,95,738,서귀포시 서부
0.06666666666666667,0.38333333333333336,0.03333333333333333,0.11666666666666667,0.4,고산일과해안도로,60,47,서귀포시 서부
0.08333333333333333,0.5,0.0,0.08333333333333333,0.3333333333333333,이상한 나라의 앨리스,12,608,서귀포시 서부
0.05357142857142857,0.35714285714285715,0.16071428571428573,0.08928571428571429,0.3392857142857143,논짓물,56,139,서귀포시 서부
0.0975609756097561,0.21951219512195122,0.12195121951219512,0.07317073170731707,0.4878048780487805,하멜기념비,41,867,서귀포시 서부
0.05054945054945055,0.3054945054945055,0.13406593406593406,0.03076923076923077,0.47912087912087914,제주올레 12코스,455,707,서귀포시 서부
0.01263157894736842,0.38526315789473686,0.10947368421052632,0.023157894736842106,0.4694736842105263,박수기정,475,273,서귀포시 서부
0.02977667493796526,0.27543424317617865,0.23573200992555832,0.06947890818858561,0.38957816377171217,무민랜드,403,244,서귀포시 서부
0.020833333333333332,0.28125,0.052083333333333336,0.041666666666666664,0.6041666666666666,모슬포항,96,236,서귀포시 서부
0.0,0.391304347826087,0.043478260869565216,0.08695652173913043,0.4782608695652174,그랑블루 요트투어,23,80,서귀포시 서부
0.0583756345177665,0.44416243654822335,0.0583756345177665,0.02284263959390863,0.41624365482233505,대한민국최남단기념비/ 마라도 기념비,394,172,서귀포시 서부
0.01910828025477707,0.2229299363057325,0.20382165605095542,0.025477707006369428,0.5286624203821656,제주제트,157,735,서귀포시 서부
0.019762845849802372,0.37549407114624506,0.1422924901185771,0.019762845849802372,0.4426877470355731,제주올레 9코스,253,728,서귀포시 서부
0.01592356687898089,0.31528662420382164,0.1178343949044586,0.03821656050955414,0.5127388535031847,제주올레 10코스,314,704,서귀포시 서부
0.04326923076923077,0.30288461538461536,0.052884615384615384,0.038461538461538464,0.5625,조안베어뮤지엄,208,757,서귀포시 서부
0.004975124378109453,0.25870646766169153,0.2835820895522388,0.13930348258706468,0.31343283582089554,추사적거지,402,816,서귀포시 서부
0.0,0.2222222222222222,0.0,0.1111111111111111,0.6666666666666666,오페라 옴니아 : 라파엘로展,9,549,서귀포시 서부
0.06896551724137931,0.25287356321839083,0.14367816091954022,0.04597701149425287,0.4885057471264368,제주올레 11코스,174,705,서귀포시 서부
0.04,0.36,0.08,0.04,0.48,노리매공원,75,134,서귀포시 서부
0.024691358024691357,0.4382716049382716,0.08024691358024691,0.043209876543209874,0.41358024691358025,대유ATV수렵사격랜드,162,164,서귀포시 서부
0.08290155440414508,0.28645447816432273,0.26498889711324947,0.005921539600296077,0.3597335307179867,사려니숲길 - 붉은오름 입출구,1351,333,제주시 동부
0.06382978723404255,0.25177304964539005,0.19739952718676124,0.02955082742316785,0.4574468085106383,우도,846,571,제주시 동부
0.0924092409240924,0.31683168316831684,0.11551155115511551,0.019801980198019802,0.45544554455445546,협재해변,303,905,제주시 서부
0.07516339869281045,0.3235294117647059,0.13725490196078433,0.02287581699346405,0.4411764705882353,월정리해변,306,594,제주시 동부
0.06955046649703138,0.20949957591178966,0.11959287531806616,0.05258693808312129,0.5487701441899915,한라산,1179,876,제주시
0.059880239520958084,0.30196749358426006,0.2352437981180496,0.009409751924721984,0.39349871685201027,비자림,1169,321,제주시 동부
0.07063197026022305,0.3107806691449814,0.09070631970260223,0.011895910780669145,0.5159851301115241,만장굴,1345,224,제주시 동부
0.055449330783938815,0.29158699808795413,0.08126195028680688,0.018164435946462717,0.5535372848948374,새별오름,1046,363,제주시 서부
0.04310344827586207,0.29545454545454547,0.2656739811912226,0.011755485893416929,0.384012539184953,제주절물자연휴양림,1276,734,제주시
0.13279678068410464,0.386317907444668,0.10663983903420524,0.030181086519114688,0.3440643863179074,이호테우해변 빨간말등대,497,615,제주시
0.08848864526233359,0.32811276429130776,0.11119812059514488,0.014095536413469069,0.4581049334377447,함덕해수욕장,1277,889,제주시 동부
0.025974025974025976,0.4675324675324675,0.11688311688311688,0.0,0.38961038961038963,한담해안산책로,77,515,제주시 서부
0.09396636993076163,0.32344213649851633,0.10484668644906034,0.021760633036597428,0.4559841740850643,산굼부리,1011,336,제주시 동부
0.025806451612903226,0.35053763440860214,0.12795698924731183,0.01935483870967742,0.47634408602150535,김녕미로공원,930,655,제주시 동부
0.07379679144385026,0.3176470588235294,0.10267379679144385,0.01818181818181818,0.48770053475935826,용두암,935,564,제주시
0.147239263803681,0.3803680981595092,0.08588957055214724,0.012269938650306749,0.37423312883435583,아침미소목장,163,495,제주시
0.09752198241406874,0.2533972821742606,0.11031175059952038,0.019184652278177457,0.5195843325339728,한림공원,1251,882,제주시 서부
0.08701854493580599,0.4122681883024251,0.12410841654778887,0.008559201141226819,0.3680456490727532,세화해변,701,425,제주시 동부
0.029958677685950414,0.25,0.12293388429752067,0.026859504132231406,0.5702479338842975,거문오름,968,29,제주시 동부
0.07846715328467153,0.3604014598540146,0.08759124087591241,0.010036496350364963,0.4635036496350365,곽지해수욕장,1096,59,제주시 서부
0.027663934426229508,0.3709016393442623,0.0860655737704918,0.05122950819672131,0.4641393442622951,제주조천 스위스마을,976,736,제주시 동부
0.005708848715509039,0.20313986679352997,0.12321598477640343,0.038058991436726926,0.6298763082778306,제주카트장 제주레포츠랜드(주),2102,671,제주시 동부
0.024252223120452707,0.3185125303152789,0.2611156022635408,0.004042037186742118,0.3920776071139854,환상숲곶자왈공원,1237,915,제주시 서부
0.0800376647834275,0.3653483992467043,0.07721280602636535,0.010357815442561206,0.4670433145009416,금능해수욕장,1062,87,제주시 서부
0.02745995423340961,0.37299771167048057,0.10068649885583524,0.02288329519450801,0.4759725400457666,용눈이오름,437,561,제주시 동부
0.1565934065934066,0.27197802197802196,0.07417582417582418,0.03296703296703297,0.4642857142857143,오라동 청보리-메밀꽃밭,364,543,제주시
0.03652517275419546,0.29022704837117475,0.1510365251727542,0.006910167818361303,0.5153010858835143,제주 레일바이크,1013,670,제주시 동부
0.07792207792207792,0.38961038961038963,0.08441558441558442,0.006493506493506494,0.44155844155844154,김녕해수욕장,308,105,제주시 동부
0.06752411575562701,0.36012861736334406,0.11414790996784566,0.022508038585209004,0.43569131832797425,마방목지,622,218,제주시
0.04697156983930779,0.3374536464771323,0.13102595797280595,0.011124845488257108,0.47342398022249693,검멀레 해변,809,40,제주시 동부
0.03064699205448354,0.28603859250851305,0.14301929625425652,0.032917139614074914,0.5073779795686719,메이즈랜드,881,231,제주시 동부
0.25853242320819114,0.2696245733788396,0.07679180887372014,0.017064846416382253,0.3779863481228669,서빈백사해변(홍조단괴 산호해변),1172,575,제주시 동부
0.06198347107438017,0.3119834710743802,0.07541322314049587,0.026859504132231406,0.5237603305785123,생각하는정원,968,368,제주시 서부
0.2,0.30140845070422534,0.10422535211267606,0.036619718309859155,0.35774647887323946,아날로그감귤밭,355,486,제주시
0.029585798816568046,0.23668639053254437,0.13806706114398423,0.047337278106508875,0.5483234714003945,관덕정,507,61,제주시
0.07317073170731707,0.4146341463414634,0.12195121951219512,0.024390243902439025,0.36585365853658536,신비의도로,41,464,제주시
0.045454545454545456,0.41948051948051945,0.16493506493506493,0.015584415584415584,0.35454545454545455,도두 무지개 해안도로,770,177,제주시
0.018805309734513276,0.26327433628318586,0.10398230088495575,0.07853982300884955,0.5353982300884956,브릭캠퍼스 제주,904,315,제주시
0.03128491620111732,0.4324022346368715,0.18994413407821228,0.0067039106145251395,0.3396648044692737,한담해변,895,872,제주시 서부
0.02483660130718954,0.37254901960784315,0.09542483660130718,0.02875816993464052,0.47843137254901963,제주 유리의성,765,731,제주시 서부
0.017364657814096015,0.26455566905005107,0.10316649642492338,0.015321756894790603,0.599591419816139,국립제주박물관,979,70,제주시
0.005194805194805195,0.3012987012987013,0.21038961038961038,0.05194805194805195,0.43116883116883115,테지움 제주,385,836,제주시 서부
0.041379310344827586,0.22298850574712645,0.10344827586206896,0.016091954022988506,0.6160919540229886,다랑쉬오름,435,148,제주시 동부
0.011627906976744186,0.20930232558139536,0.03488372093023256,0.08139534883720931,0.6627906976744186,플레이박스VR,86,862,제주시
0.01907356948228883,0.30154405086285196,0.1226158038147139,0.02633969118982743,0.5304268846503178,제주 돌문화공원,1101,665,제주시 동부
0.030042918454935622,0.34334763948497854,0.08583690987124463,0.02145922746781116,0.51931330472103,아부오름,233,491,제주시 동부
0.012093023255813953,0.23813953488372094,0.15348837209302327,0.05116279069767442,0.5451162790697675,넥슨컴퓨터박물관,1075,132,제주시
0.060240963855421686,0.3453815261044177,0.11646586345381527,0.01606425702811245,0.46184738955823296,비양도,249,317,제주시 서부
0.026779422128259338,0.2776603241719521,0.16772374911909796,0.018322762508809022,0.5095137420718816,스누피가든,1419,458,제주시 동부
0.03676470588235294,0.33088235294117646,0.11764705882352941,0.029411764705882353,0.4852941176470588,서우봉,136,390,제주시 동부
0.10677618069815195,0.3008213552361396,0.09034907597535935,0.04722792607802875,0.4548254620123203,수목원테마파크,974,449,제주시
0.021634615384615384,0.23237179487179488,0.11137820512820513,0.027243589743589744,0.6073717948717948,9.81 파크,1248,6,제주시 서부
0.07171853856562922,0.4370771312584574,0.12584573748308525,0.014884979702300407,0.35047361299052776,월령 선인장 군락지,739,591,제주시 서부
0.008403361344537815,0.37815126050420167,0.11239495798319328,0.028361344537815126,0.4726890756302521,제주현대미술관,952,752,제주시 서부
0.016260162601626018,0.3170731707317073,0.14634146341463414,0.008130081300813009,0.5121951219512195,차귀도,123,792,제주시 서부
0.02872531418312388,0.31956912028725315,0.11220825852782765,0.017953321364452424,0.5215439856373429,금오름,1114,93,제주시 서부
0.015384615384615385,0.3871794871794872,0.11025641025641025,0.020512820512820513,0.4666666666666667,돌하르방 미술관,390,305,제주시 동부
0.07364341085271318,0.28294573643410853,0.22868217054263565,0.023255813953488372,0.39147286821705424,수월봉,258,452,제주시 서부
0.07142857142857142,0.37218045112781956,0.10150375939849623,0.011278195488721804,0.44360902255639095,협재굴,532,903,제주시 서부
0.03636363636363636,0.2727272727272727,0.23636363636363636,0.0,0.45454545454545453,김녕금속공예벽화마을,55,101,제주시 동부
0.0071877807726864335,0.26235399820305483,0.1734052111410602,0.020664869721473494,0.5363881401617251,제주해녀박물관,1113,892,제주시 동부
0.05220883534136546,0.3413654618473896,0.1566265060240964,0.020080321285140562,0.42971887550200805,도두봉,249,178,제주시
0.06991525423728813,0.3453389830508475,0.10805084745762712,0.019067796610169493,0.4576271186440678,비체올린,472,322,제주시 서부
0.034722222222222224,0.35648148148148145,0.11458333333333333,0.03009259259259259,0.46412037037037035,삼성혈,864,356,제주시
0.012422360248447204,0.3105590062111801,0.14285714285714285,0.024844720496894408,0.5093167701863354,제주도자전거대여 보물섬하이킹,161,299,제주시
0.047619047619047616,0.3333333333333333,0.11904761904761904,0.031746031746031744,0.46825396825396826,정물오름,126,635,제주시 서부
0.018796992481203006,0.37844611528822053,0.05889724310776942,0.010025062656641603,0.5338345864661654,제주불빛정원,798,685,제주시 서부
0.05384615384615385,0.46615384615384614,0.11692307692307692,0.016923076923076923,0.34615384615384615,닭머르해안,650,153,제주시 동부
0.06472491909385113,0.2588996763754045,0.10679611650485436,0.019417475728155338,0.5501618122977346,월정리 투명 카약,309,828,제주시 동부
0.022540983606557378,0.21106557377049182,0.0471311475409836,0.018442622950819672,0.7008196721311475,제주빅볼랜드,488,686,제주시 서부
0.021791767554479417,0.3171912832929782,0.1089588377723971,0.04600484261501211,0.5060532687651331,별빛누리공원,413,679,제주시
0.06111696522655427,0.3256059009483667,0.11696522655426765,0.009483667017913594,0.4868282402528978,판포 포구,949,848,제주시 서부
0.028409090909090908,0.25227272727272726,0.10454545454545454,0.022727272727272728,0.5920454545454545,제주특별자치도 민속자연사박물관,880,260,제주시
0.1141602634467618,0.3194291986827662,0.06147091108671789,0.025246981339187707,0.4796926454445664,항파두리 항몽유적지,911,890,제주시 서부
0.0027100271002710027,0.2953929539295393,0.12195121951219512,0.02168021680216802,0.5582655826558266,액티브파크,369,519,제주시 서부
0.04032258064516129,0.3548387096774194,0.20161290322580644,0.04032258064516129,0.3629032258064516,[제주올레 20코스] 김녕-하도 올레,124,718,제주시 동부
0.037037037037037035,0.24074074074074073,0.018518518518518517,0.1111111111111111,0.5925925925925926,트릭아이미술관 제주,54,82,제주시 서부
0.16393442622950818,0.3114754098360656,0.13114754098360656,0.03278688524590164,0.36065573770491804,김만덕객주,183,108,제주시
0.09239130434782608,0.4329710144927536,0.08333333333333333,0.012681159420289856,0.3786231884057971,하고수동 해변,552,864,제주시 동부
0.08264462809917356,0.2975206611570248,0.15702479338842976,0.09917355371900827,0.36363636363636365,[제주올레 19코스] 조천-김녕 올레,121,716,제주시 동부
0.051094890510948905,0.3284671532846715,0.19708029197080293,0.043795620437956206,0.3795620437956204,[제주올레 15A코스] 한림-고내 올레,137,711,제주시 서부
0.043037974683544304,0.21265822784810126,0.1240506329113924,0.027848101265822784,0.5924050632911393,한라산국립공원 성판악탐방로,395,874,제주시
0.015625,0.328125,0.09375,0.0625,0.5,[제주올레 21코스] 하도-종달 올레,64,719,제주시 동부
0.08333333333333333,0.234375,0.22916666666666666,0.0,0.453125,샤이니숲길,192,370,제주시 동부
0.025954198473282442,0.27022900763358776,0.13740458015267176,0.07022900763358779,0.4961832061068702,제주목 관아,655,672,제주시
0.1,0.28,0.1,0.02,0.5,장전리 벚꽃길,50,627,제주시 서부
0.022641509433962263,0.32452830188679244,0.1018867924528302,0.03773584905660377,0.5132075471698113,우도등대,265,572,제주시 동부
0.027989821882951654,0.37150127226463103,0.14249363867684478,0.007633587786259542,0.45038167938931295,우도 비양도,393,570,제주시 동부
0.03076923076923077,0.2358974358974359,0.09743589743589744,0.020512820512820513,0.6153846153846154,지미봉,195,787,제주시 동부
0.006493506493506494,0.2922077922077922,0.1038961038961039,0.05194805194805195,0.5454545454545454,탐나라공화국,154,829,제주시 서부
0.01838235294117647,0.26838235294117646,0.22794117647058823,0.025735294117647058,0.45955882352941174,캐릭파크제주,272,820,제주시 동부
0.04716981132075472,0.45047169811320753,0.09905660377358491,0.007075471698113208,0.39622641509433965,평대리해변,848,850,제주시 동부
0.012749003984063745,0.34103585657370517,0.06374501992031872,0.022310756972111555,0.5601593625498008,아르떼뮤지엄 제주,1255,490,제주시 서부
0.06824146981627296,0.3543307086614173,0.13910761154855644,0.007874015748031496,0.4304461942257218,구엄리 돌염전,762,67,제주시 서부
0.0,0.24675324675324675,0.11688311688311688,0.025974025974025976,0.6103896103896104,제주교육박물관,77,650,제주시
0.025210084033613446,0.31092436974789917,0.19327731092436976,0.008403361344537815,0.46218487394957986,윗세오름,119,600,제주시 서부
0.011049723756906077,0.5193370165745856,0.13259668508287292,0.024861878453038673,0.31215469613259667,천왕사,362,799,제주시
0.023980815347721823,0.31894484412470026,0.10311750599520383,0.03357314148681055,0.5203836930455635,서프라이즈테마파크,417,392,제주시 동부
0.034101382488479264,0.3529953917050691,0.23870967741935484,0.012903225806451613,0.36129032258064514,한라 생태숲,1085,878,제주시
0.07446808510638298,0.43617021276595747,0.07446808510638298,0.0425531914893617,0.3723404255319149,종달리 수국길,94,770,제주시 동부
0.003968253968253968,0.373015873015873,0.10714285714285714,0.031746031746031744,0.48412698412698413,선운정사,252,395,제주시 서부
0.037783375314861464,0.27204030226700254,0.17632241813602015,0.0025188916876574307,0.5113350125944585,안돌오름,397,501,제주시 동부
0.07751937984496124,0.34108527131782945,0.10077519379844961,0.031007751937984496,0.4496124031007752,[제주올레 14-1코스] 저지-서광 올레,129,710,제주시 서부
0.050790067720090294,0.3329571106094808,0.06772009029345373,0.007900677200902935,0.5406320541760722,삼양해수욕장,886,359,제주시
0.036585365853658534,0.3170731707317073,0.09146341463414634,0.03048780487804878,0.524390243902439,캐니언파크,164,819,제주시
0.03773584905660377,0.3113207547169811,0.07547169811320754,0.02830188679245283,0.5471698113207547,제주돌마을공원,106,664,제주시 서부
0.002369668246445498,0.27488151658767773,0.13981042654028436,0.07345971563981042,0.509478672985782,김만덕 기념관,422,109,제주시
0.0893371757925072,0.37752161383285304,0.12968299711815562,0.01729106628242075,0.3861671469740634,답다니탑망대,347,154,제주시 동부
0.03248259860788863,0.3248259860788863,0.08468677494199536,0.015081206496519721,0.54292343387471,노형수퍼마켙,862,137,제주시
0.026595744680851064,0.26063829787234044,0.13297872340425532,0.02127659574468085,0.5585106382978723,실내 체험동물원 라온ZOO,188,210,제주시 서부
0.034383954154727794,0.3868194842406877,0.12607449856733524,0.011461318051575931,0.44126074498567336,김녕요트투어,349,103,제주시 동부
0.024,0.248,0.256,0.056,0.416,두맹이골목,125,201,제주시
0.009501187648456057,0.3491686460807601,0.1021377672209026,0.05463182897862233,0.4845605700712589,아라리오뮤지엄 탑동시네마,421,489,제주시
0.35294117647058826,0.24313725490196078,0.03137254901960784,0.011764705882352941,0.3607843137254902,한림바다생태체험마을,255,883,제주시 서부
0.01694915254237288,0.288135593220339,0.05084745762711865,0.03389830508474576,0.6101694915254238,ARARIO MUSEUM DONGMUN MOTEL-아라리오뮤지엄 동문모텔,59,487,제주시
0.075,0.5,0.075,0.025,0.325,쌍용굴,40,484,제주시 서부
0.0038461538461538464,0.39615384615384613,0.14615384615384616,0.019230769230769232,0.4346153846153846,낙천아홉굿마을,520,119,제주시 서부
0.04182879377431906,0.30544747081712065,0.23540856031128404,0.007782101167315175,0.4095330739299611,교래자연휴양림,1028,66,제주시 동부
0.0273972602739726,0.2465753424657534,0.3698630136986301,0.0273972602739726,0.3287671232876712,제주해변공연장,73,831,제주시
0.0027739251040221915,0.4368932038834951,0.08321775312066575,0.047156726768377254,0.42995839112343964,제주도립 김창열미술관,721,663,제주시 서부
0.1111111111111111,0.35125448028673834,0.11827956989247312,0.0035842293906810036,0.4157706093189964,노루생태관찰원,558,133,제주시
0.030959752321981424,0.3157894736842105,0.09287925696594428,0.03715170278637771,0.5232198142414861,제주 금능석물원,323,85,제주시 서부
0.05,0.2833333333333333,0.23333333333333334,0.025,0.4083333333333333,산지등대,120,344,제주시
0.020618556701030927,0.3642611683848797,0.08934707903780069,0.01718213058419244,0.5085910652920962,사진놀이터,291,335,제주시 서부
0.01485148514851485,0.3118811881188119,0.17326732673267325,0.024752475247524754,0.4752475247524752,제주승마공원,404,699,제주시 동부
0.02631578947368421,0.3684210526315789,0.09210526315789473,0.0,0.5131578947368421,별도봉,76,292,제주시
0.08264462809917356,0.3140495867768595,0.1487603305785124,0.008264462809917356,0.4462809917355372,국제 리더스 클럽,121,733,제주시 동부
0.11320754716981132,0.3584905660377358,0.1509433962264151,0.05660377358490566,0.32075471698113206,용담포구,53,145,제주시
0.043478260869565216,0.2391304347826087,0.30434782608695654,0.014492753623188406,0.39855072463768115,장생의 숲길,138,626,제주시
0.05925925925925926,0.3925925925925926,0.08888888888888889,0.044444444444444446,0.4148148148148148,[제주올레 16코스] 고내-광령 올레,135,713,제주시 서부
0.04672897196261682,0.4766355140186916,0.1308411214953271,0.056074766355140186,0.2897196261682243,[제주올레 13코스] 용수-저지 올레,107,708,제주시 서부
0.03278688524590164,0.2786885245901639,0.14754098360655737,0.04918032786885246,0.4918032786885246,어리목 계곡,61,522,제주시
0.10121457489878542,0.3603238866396761,0.18218623481781376,0.032388663967611336,0.32388663967611336,엉알해안,247,527,제주시 서부
0.006097560975609756,0.3170731707317073,0.18292682926829268,0.018292682926829267,0.47560975609756095,저지오름,164,629,제주시 서부
0.028368794326241134,0.48226950354609927,0.06382978723404255,0.07092198581560284,0.3546099290780142,잃어버린 마을 곤을동 (곤흘동 4·3 유적지),141,54,제주시
0.13471502590673576,0.3160621761658031,0.11398963730569948,0.015544041450777202,0.41968911917098445,제주바다체험장,193,677,제주시 동부
0.018469656992084433,0.22163588390501318,0.20844327176781002,0.17941952506596306,0.3720316622691293,천주교 성김대건 신부 제주 표착 기념관,379,402,제주시 서부
0.23711340206185566,0.20618556701030927,0.12371134020618557,0.05154639175257732,0.38144329896907214,(주)한라산소주,97,875,제주시 서부
0.0471976401179941,0.35398230088495575,0.1415929203539823,0.029498525073746312,0.4277286135693215,별방진,339,295,제주시 동부
0.01818181818181818,0.4,0.2727272727272727,0.0,0.3090909090909091,불탑사,55,310,제주시
0.040194884287454324,0.3995127892813642,0.12545676004872108,0.018270401948842874,0.4165651644336175,사라봉공원,821,331,제주시
0.10739856801909307,0.4105011933174224,0.050119331742243436,0.02386634844868735,0.4081145584725537,방림원,419,277,제주시 서부
0.04838709677419355,0.1935483870967742,0.22580645161290322,0.016129032258064516,0.5161290322580645,산지천갤러리,62,346,제주시
0.02247191011235955,0.3295880149812734,0.14232209737827714,0.003745318352059925,0.50187265917603,화조원,267,914,제주시 서부
0.06896551724137931,0.3103448275862069,0.27586206896551724,0.0,0.3448275862068966,명월성지,29,232,제주시 서부
0.039603960396039604,0.3465346534653465,0.1485148514851485,0.019801980198019802,0.44554455445544555,김녕해수욕장 야영장,101,106,제주시 동부
0.0030303030303030303,0.3515151515151515,0.07575757575757576,0.015151515151515152,0.5545454545454546,송당승마장,330,439,제주시 동부
0.00847457627118644,0.22033898305084745,0.1271186440677966,0.2711864406779661,0.3728813559322034,제주항일기념관,118,746,제주시 동부
0.08791208791208792,0.5164835164835165,0.18681318681318682,0.01098901098901099,0.1978021978021978,거인의정원,91,32,제주시
0.010869565217391304,0.31521739130434784,0.14130434782608695,0.03260869565217391,0.5,제주카트클럽,92,740,제주시 서부
0.07096774193548387,0.4064516129032258,0.17419354838709677,0.025806451612903226,0.3225806451612903,휴림(제주시 애월읍),155,924,제주시 서부
0.12380952380952381,0.3619047619047619,0.12380952380952381,0.01904761904761905,0.37142857142857144,김녕항,105,104,제주시 동부
0.0,0.2903225806451613,0.11827956989247312,0.021505376344086023,0.5698924731182796,훈데르트바서파크,93,922,제주시 동부
0.028169014084507043,0.49295774647887325,0.056338028169014086,0.04225352112676056,0.38028169014084506,톨칸이해변,71,842,제주시 동부
0.0,0.297029702970297,0.25742574257425743,0.009900990099009901,0.43564356435643564,포레스트사파리,101,855,제주시 동부
0.044444444444444446,0.4888888888888889,0.16666666666666666,0.0,0.3,구엄포구,90,68,제주시 서부
0.07272727272727272,0.4072727272727273,0.1890909090909091,0.01090909090909091,0.32,해거름전망대,275,891,제주시 서부
0.0,0.3870967741935484,0.17204301075268819,0.15053763440860216,0.2903225806451613,조천만세동산,93,761,제주시 동부
0.07612456747404844,0.29988465974625145,0.13494809688581316,0.020761245674740483,0.4682814302191465,신비의도로 (도깨비도로),867,465,제주시
0.03767123287671233,0.4623287671232877,0.09931506849315068,0.017123287671232876,0.3835616438356164,제주신산근린공원,292,466,제주시
0.0,0.3434343434343434,0.1414141414141414,0.010101010101010102,0.5050505050505051,문도지오름,99,246,제주시 서부
0.16230366492146597,0.41361256544502617,0.015706806282722512,0.010471204188481676,0.39790575916230364,삼화포구,191,361,제주시
0.022222222222222223,0.28888888888888886,0.15555555555555556,0.0,0.5333333333333333,산천단,45,348,제주시
0.1625,0.2125,0.15,0.075,0.4,제주성서식물원비블리아,80,316,제주시 서부
0.025510204081632654,0.37755102040816324,0.12244897959183673,0.015306122448979591,0.45918367346938777,새별헤이요목장,196,364,제주시 서부
0.02040816326530612,0.32653061224489793,0.16326530612244897,0.0,0.4897959183673469,민오름(오라),98,262,제주시 동부
0.028985507246376812,0.4363929146537842,0.178743961352657,0.01288244766505636,0.34299516908212563,어영공원,621,524,제주시
0.02564102564102564,0.3076923076923077,0.1623931623931624,0.02564102564102564,0.47863247863247865,제주김택화미술관,117,113,제주시 동부
0.1377245508982036,0.20359281437125748,0.10778443113772455,0.04790419161676647,0.5029940119760479,제주고산리유적안내센터,167,647,제주시 서부
0.011363636363636364,0.22727272727272727,0.14772727272727273,0.011363636363636364,0.6022727272727273,돌하르방 캠핑장,88,666,제주시 서부
0.25170068027210885,0.30612244897959184,0.034013605442176874,0.02040816326530612,0.3877551020408163,제주다,147,658,제주시 서부
0.014084507042253521,0.352112676056338,0.1267605633802817,0.007042253521126761,0.5,느지리오름(망오름),142,144,제주시 서부
0.0,0.352112676056338,0.07042253521126761,0.04225352112676056,0.5352112676056338,제라진어드벤처 제주오프로드,71,639,제주시 동부
0.0,0.3953488372093023,0.18604651162790697,0.06976744186046512,0.3488372093023256,절부암,43,632,제주시 서부
0.025974025974025976,0.2987012987012987,0.2012987012987013,0.006493506493506494,0.4675324675324675,절물오름,154,631,제주시
0.008547008547008548,0.3803418803418803,0.13675213675213677,0.017094017094017096,0.45726495726495725,제주아트센터,234,696,제주시
0.0,0.1746031746031746,0.15873015873015872,0.031746031746031744,0.6349206349206349,제주안전체험관,63,697,제주시 서부
0.027450980392156862,0.2758169934640523,0.10326797385620914,0.01699346405228758,0.5764705882352941,제주세계자연유산센터,765,688,제주시 동부
0.014084507042253521,0.2535211267605634,0.22535211267605634,0.028169014084507043,0.4788732394366197,예술공간 이아,71,541,제주시
0.028368794326241134,0.3404255319148936,0.16312056737588654,0.0425531914893617,0.425531914893617,연북정 (戀北亭),141,532,제주시 동부
0.14,0.44,0.12,0.02,0.28,연대포구,50,530,제주시
0.17567567567567569,0.35135135135135137,0.12162162162162163,0.02702702702702703,0.32432432432432434,월령포구,74,592,제주시 서부
0.06060606060606061,0.4393939393939394,0.07575757575757576,0.030303030303030304,0.3939393939393939,월대천,132,588,제주시
0.01020408163265306,0.3163265306122449,0.09183673469387756,0.030612244897959183,0.5510204081632653,우도올레보트,98,577,제주시 동부
0.007582938388625593,0.3582938388625592,0.08056872037914692,0.04170616113744076,0.5118483412322274,제주 4·3 평화공원,1055,646,제주시
0.024165707710011506,0.28423475258918296,0.23014959723820483,0.020713463751438434,0.4407364787111623,선녀와 나무꾼 테마공원,869,394,제주시 동부
0.010604453870625663,0.3796394485683987,0.09650053022269353,0.043478260869565216,0.46977730646871685,제주특별자치도립미술관,943,742,제주시
0.06786703601108034,0.41412742382271467,0.09141274238227147,0.02077562326869806,0.40581717451523547,용연구름다리,722,568,제주시
0.038461538461538464,0.3916083916083916,0.1888111888111888,0.008158508158508158,0.372960372960373,신창풍차해안,858,474,제주시 서부
0.05084745762711865,0.288135593220339,0.1694915254237288,0.03389830508474576,0.4576271186440678,[제주올레 18코스] 제주원도심-조천 올레,59,715,제주시
0.0,0.42424242424242425,0.15151515151515152,0.0,0.42424242424242425,[제주올레 1-1코스] 우도 올레,33,706,제주시 동부
0.02702702702702703,0.2702702702702703,0.22007722007722008,0.019305019305019305,0.46332046332046334,삼다수숲길,259,352,제주시 동부
0.06382978723404255,0.48936170212765956,0.06382978723404255,0.0,0.3829787234042553,내도동 알작지 해변,47,507,제주시
0.007331378299120235,0.3020527859237537,0.12609970674486803,0.03812316715542522,0.5263929618768328,어승생악,682,523,제주시
0.05511811023622047,0.3700787401574803,0.16535433070866143,0.0,0.4094488188976378,천아계곡,127,797,제주시 서부
0.045454545454545456,0.38636363636363635,0.11363636363636363,0.011363636363636364,0.4431818181818182,동안경굴,88,39,제주시 동부
0.014925373134328358,0.21641791044776118,0.11940298507462686,0.022388059701492536,0.6268656716417911,제주대학교,134,661,제주시
0.016897081413210446,0.41321044546851,0.1490015360983103,0.043010752688172046,0.3778801843317972,대한불교조계종 관음사,651,63,제주시
0.10077519379844961,0.3953488372093023,0.2248062015503876,0.023255813953488372,0.2558139534883721,엉알해안 산책길,129,528,제주시 서부
0.011128775834658187,0.3815580286168522,0.06995230524642289,0.0397456279809221,0.49761526232114467,제주난타전용관,629,656,제주시
0.024793388429752067,0.2396694214876033,0.15702479338842976,0.04132231404958678,0.5371900826446281,방선문계곡,121,278,제주시
0.02830188679245283,0.36792452830188677,0.1792452830188679,0.009433962264150943,0.41509433962264153,함덕서우봉해변 야영장,106,887,제주시 동부
0.08823529411764706,0.4117647058823529,0.11764705882352941,0.0,0.38235294117647056,고내포구,68,43,제주시 서부
0.005714285714285714,0.32571428571428573,0.13714285714285715,0.02857142857142857,0.5028571428571429,제주특별자치도문예회관,175,673,제주시
0.022222222222222223,0.3333333333333333,0.07777777777777778,0.011111111111111112,0.5555555555555556,벨리타,90,290,제주시 동부
0.058823529411764705,0.29411764705882354,0.17647058823529413,0.0,0.47058823529411764,멍멍플레이스 (애견동반펜션 ),68,230,제주시 서부
0.046125461254612546,0.35608856088560886,0.16236162361623616,0.016605166051660517,0.4188191881918819,제주양떼목장,542,698,제주시 서부
