0,1,2,place_name,total_count,place_id
0.23222003929273086,0.04740132166458296,0.7203786390426862,천지연폭포,27995,808
0.20826580226904376,0.023500810372771474,0.7682333873581848,쇠소깍,1234,445
0.23842432619212164,0.02626123013130615,0.7353144436765722,천제연폭포,1447,800
0.22538483880336915,0.019750217833284928,0.7548649433633459,정방폭포,3443,636
0.09608091024020228,0.011378002528445006,0.8925410872313527,제주 박물관은 살아있다,791,271
0.21743119266055047,0.03486238532110092,0.7477064220183486,외돌개,1090,560
0.18181818181818182,0.048484848484848485,0.7696969696969697,황우지해안,165,919
0.3029087261785356,0.01805416248746239,0.679037111334002,서귀포치유의숲,997,385
0.20500927643784786,0.022263450834879406,0.7727272727272727,새연교,1078,366
0.271889400921659,0.05357142857142857,0.6745391705069125,쇠소깍해변,1736,447
0.1761006289308176,0.03563941299790356,0.7882599580712788,여미지식물원,477,529
0.18562874251497005,0.020958083832335328,0.7934131736526946,제주유리박물관,1002,730
0.2196467991169978,0.02869757174392936,0.7516556291390728,테디베어뮤지엄제주,906,835
0.2250996015936255,0.012948207171314742,0.7619521912350598,1100고지(휴게소),1004,1
0.27258444619010214,0.014139827179890024,0.7132757266300078,원앙폭포,1273,586
0.12588401697312587,0.033946251768033946,0.8401697312588402,서귀포자연휴양림,707,381
0.21428571428571427,0.026785714285714284,0.7589285714285714,세리월드 테마파크,1120,421
0.1648590021691974,0.021691973969631236,0.8134490238611713,감귤박물관,461,18
0.2813852813852814,0.025974025974025976,0.6926406926406926,퍼시픽 리솜 요트투어 샹그릴라,693,849
0.21908893709327548,0.019522776572668113,0.7613882863340564,게우지코지,461,41
0.22426470588235295,0.0625,0.7132352941176471,세계조가비박물관,816,420
0.16230366492146597,0.020942408376963352,0.8167539267015707,중문색달해수욕장,191,781
0.3435114503816794,0.015267175572519083,0.6412213740458015,새섬,131,365
0.19447287615148415,0.02661207778915046,0.7789150460593655,제주올레 6코스,977,724
0.11428571428571428,0.02857142857142857,0.8571428571428571,도순다원,70,183
0.22340425531914893,0.028368794326241134,0.74822695035461,돈내코,282,186
0.1360544217687075,0.047619047619047616,0.8163265306122449,범섬,294,285
0.17105263157894737,0.02631578947368421,0.8026315789473685,상효원,304,362
0.19148936170212766,0.0070921985815602835,0.8014184397163121,소천지,141,434
0.267515923566879,0.03184713375796178,0.7006369426751592,중문미로파크,157,779
0.20588235294117646,0.0392156862745098,0.7549019607843137,쉬리의언덕,612,456
0.14537444933920704,0.06607929515418502,0.788546255506608,초콜릿랜드,227,811
0.11702127659574468,0.02127659574468085,0.8617021276595744,제주올레 7코스,94,726
0.20180722891566266,0.03313253012048193,0.7650602409638554,서귀포칠십리시공원,332,386
0.13157894736842105,0.02631578947368421,0.8421052631578947,돔베낭골,76,189
0.23312331233123312,0.024302430243024302,0.7425742574257426,자구리공원,1111,623
0.24031007751937986,0.007751937984496124,0.751937984496124,올레여행자센터,129,554
0.14945054945054945,0.041758241758241756,0.8087912087912088,영실기암,455,536
0.28385899814471244,0.02040816326530612,0.6957328385899815,더 플래닛(THE PLANET),539,173
0.2026578073089701,0.04318936877076412,0.7541528239202658,왈종미술관,301,558
0.25252525252525254,0.030303030303030304,0.7171717171717171,엉덩물계곡,99,525
0.18090452261306533,0.005025125628140704,0.8140703517587939,천제연폭포 & 제주4.3중문면희생자위령비,199,801
0.1057347670250896,0.021505376344086023,0.8727598566308243,법화사지,1116,287
0.18045112781954886,0.015037593984962405,0.8045112781954887,황우지해안 열두굴,133,920
0.1721311475409836,0.16393442622950818,0.6639344262295082,제주올레 7-1코스,122,725
0.12686567164179105,0.014925373134328358,0.8582089552238806,제주다원 녹차미로공원,134,659
0.14537444933920704,0.06607929515418502,0.788546255506608,제주워터월드,227,729
0.1894093686354379,0.004073319755600814,0.8065173116089613,제주올레 8코스,491,727
0.23076923076923078,0.07692307692307693,0.6923076923076923,정모시쉼터,52,634
0.3055555555555556,0.013888888888888888,0.6805555555555556,제지기오름,72,754
0.16883116883116883,0.03896103896103896,0.7922077922077922,윈드1947 카트 테마파크,77,599
0.2002652519893899,0.01856763925729443,0.7811671087533156,굿다이버,754,73
0.22905027932960895,0.0335195530726257,0.7374301675977654,강정천유원지,358,24
0.0,0.05128205128205128,0.9487179487179487,서복전시관,39,389
0.04602510460251046,0.03347280334728033,0.9205020920502092,서귀포예술의전당,239,380
0.15217391304347827,0.0,0.8478260869565217,서건도,46,371
0.13725490196078433,0.0457516339869281,0.8169934640522876,간세공방,306,17
0.4121699196326062,0.018369690011481057,0.5694603903559128,소정방폭포,871,433
0.09876543209876543,0.06790123456790123,0.8333333333333334,소암현중화기념관,162,431
0.18055555555555555,0.013888888888888888,0.8055555555555556,소라의성,72,428
0.1806020066889632,0.020066889632107024,0.7993311036789298,베릿네오름,299,289
0.22467771639042358,0.016574585635359115,0.7587476979742173,보목포구,543,298
0.2215568862275449,0.041916167664670656,0.7365269461077845,법환포구,334,288
0.13680781758957655,0.05211726384364821,0.8110749185667753,삼매봉,307,353
0.21560130010834236,0.023835319609967497,0.7605633802816901,쇠소깍제트,923,446
0.3265044814340589,0.024327784891165175,0.649167733674776,걸매생태공원,781,36
0.2532588454376164,0.0335195530726257,0.7132216014897579,거믄여해안경승지,537,30
0.24242424242424243,0.030303030303030304,0.7272727272727273,한국야구명예전당(야구박물관),33,870
0.21646623496762257,0.02127659574468085,0.7622571692876966,존자암지,1081,768
0.3431372549019608,0.029411764705882353,0.6274509803921569,천주교 순례길 - 하논성당길,204,805
0.267515923566879,0.03184713375796178,0.7006369426751592,조이다이브,157,759
0.15,0.03333333333333333,0.8166666666666667,소남머리,60,427
0.3,0.016981132075471698,0.6830188679245283,맛있는 철학자(태반의땅제주),1060,225
0.14666666666666667,0.02,0.8333333333333334,"보롬이(하논, 화구구)",300,297
0.1,0.0,0.9,문화빳데리 충전소,20,251
0.3225806451612903,0.016129032258064516,0.6612903225806451,서귀포시립기당미술관,62,379
0.21428571428571427,0.14285714285714285,0.6428571428571429,서귀다원,28,374
0.3157894736842105,0.0,0.6842105263157895,제주국제평화센터,19,652
0.0,0.0,1.0,돈내코유원지,1,187
0.0,0.0,1.0,예래생태체험관,1,539
0.14285714285714285,0.0,0.8571428571428571,월평포구,21,596
0.037037037037037035,0.14814814814814814,0.8148148148148148,월라사,27,590
0.15789473684210525,0.0,0.8421052631578947,한라산영실코스,57,877
0.34615384615384615,0.038461538461538464,0.6153846153846154,백록담,26,280
0.3157894736842105,0.015037593984962405,0.6691729323308271,중문관광단지,133,777
0.19047619047619047,0.09523809523809523,0.7142857142857143,서귀포잠수함(대국해저관광)	,42,382
0.0,0.0,1.0,엉또폭포,28,526
0.1111111111111111,0.0,0.8888888888888888,동백포레스트,9,195
0.3333333333333333,0.1111111111111111,0.5555555555555556,섶섬(서귀포해양도립공원),18,417
0.3333333333333333,0.0,0.6666666666666666,감귤박물관 월라봉 산책로 - 생이소리길,3,19
0.0,0.0,1.0,중문색달해변(해산물),8,780
0.19540229885057472,0.017241379310344827,0.7873563218390804,문섬(서귀포해양도립공원),174,249
0.2,0.0,0.8,돔베낭길,5,190
0.4,0.0,0.6,고근산(고공산),10,42
0.25,0.0,0.75,천지연기정길,4,807
0.2,0.0,0.8,소천지,5,378
0.2,0.0,0.8,제주다이브 체험다이빙,5,660
0.15384615384615385,0.15384615384615385,0.6923076923076923,제주해양레저파크,13,749
0.0,0.0,1.0,중문리 신사터,1,778
0.24370208105147864,0.04764512595837897,0.7086527929901424,들렁모루 산책길,1826,204
0.17331288343558282,0.01687116564417178,0.8098159509202454,법정사,1304,286
0.11006289308176101,0.049266247379454925,0.8406708595387841,제주해양레저 ,954,748
0.3333333333333333,0.0,0.6666666666666666,월라봉(효돈),45,589
1.0,0.0,0.0,거믄여해안경승지,1,2
0.20689655172413793,0.0,0.7931034482758621,"보롬이(하논, 화구구)",29,22
0.248,0.04,0.712,섭지코지,125,400
0.11612903225806452,0.03225806451612903,0.8516129032258064,아쿠아플라넷 제주,310,496
0.1111111111111111,0.037037037037037035,0.8518518518518519,제주민속촌,27,676
0.0,0.07142857142857142,0.9285714285714286,붉은오름(표선면),14,313
0.22518159806295399,0.014527845036319613,0.7602905569007264,남원항 (남원포구),413,128
0.0,0.16666666666666666,0.8333333333333334,두산봉(말미오름),12,202
0.1891891891891892,0.0,0.8108108108108109,오림반,37,545
0.16666666666666666,0.0,0.8333333333333334,온평리 포구,6,552
0.0,0.4444444444444444,0.5555555555555556,낙타트래킹,9,121
0.29411764705882354,0.058823529411764705,0.6470588235294118,"대수산봉(큰물뫼,물미오름)",17,161
0.5151515151515151,0.0,0.48484848484848486,이음새,33,610
1.0,0.0,0.0,성산오조리해안,1,407
0.20512820512820512,0.0,0.7948717948717948,모구리오름,78,234
0.34375,0.0,0.65625,이승이오름(이승악),32,609
0.35294117647058826,0.0,0.6470588235294118,아이리스촬영지(하얀등대),17,492
0.08333333333333333,0.0,0.9166666666666666,성산 유채꽃재배단지,12,405
0.5555555555555556,0.0,0.4444444444444444,지포뮤지엄,9,788
0.42105263157894735,0.05263157894736842,0.5263157894736842,5.16도로숲터널,19,5
0.2,0.0,0.8,큰사슴이오름,10,827
1.0,0.0,0.0,영주산,1,537
0.5294117647058824,0.0,0.47058823529411764,마흐니 숲길,17,221
0.2222222222222222,0.0,0.7777777777777778,신천리 벽화마을,27,475
0.4153846153846154,0.0,0.5846153846153846,통오름,65,843
0.0,0.0,1.0,신양해안도로,4,470
0.0,0.0,1.0,표선세화해안도로,3,858
0.30434782608695654,0.0,0.6956521739130435,사려니오름,23,334
0.11764705882352941,0.0,0.8823529411764706,족은사슴이오름,17,767
0.2,0.0,0.8,독자봉,5,185
0.2222222222222222,0.05555555555555555,0.7222222222222222,개오름,18,25
0.3333333333333333,0.0,0.6666666666666666,한모살 (표선백사장),6,885
0.16666666666666666,0.0,0.8333333333333334,감귤상웨빵 체험,6,20
0.2727272727272727,0.09090909090909091,0.6363636363636364,모지오름,11,237
0.42105263157894735,0.05263157894736842,0.5263157894736842,매오름,19,227
0.09375,0.0,0.90625,공천포구,32,56
0.0,0.0,1.0,토산봉(망오름),6,839
0.4,0.0,0.6,좌보미오름,15,774
0.3125,0.0625,0.625,궁대오름(궁대악),16,74
0.2727272727272727,0.09090909090909091,0.6363636363636364,망장포,11,226
0.18249837345478204,0.03166341357623075,0.7858382129689873,신산환해장성,9222,467
0.23225806451612904,0.015053763440860216,0.7526881720430108,성산~세화 해안도로,465,406
0.2367713004484305,0.033183856502242155,0.7300448430493274,서귀포 다이브센터,1115,376
0.2366504854368932,0.04733009708737864,0.7160194174757282,농개,824,140
0.3197781885397412,0.015711645101663587,0.6645101663585952,"자배봉(자배오름,망오름)",1082,625
0.13565891472868216,0.06589147286821706,0.7984496124031008,제주오렌지,1548,701
0.15749039692701663,0.011523687580025609,0.8309859154929577,온평리 환해장성,781,553
0.24597207303974222,0.017185821697099892,0.7368421052631579,성산일출봉,931,408
0.27,0.00875,0.72125,광치기해변,800,65
0.21726755218216318,0.027514231499051234,0.7552182163187856,휴애리 자연생활공원,1054,925
0.202,0.034,0.764,제주동백수목원,1000,667
0.2876506024096386,0.0391566265060241,0.6731927710843374,보롬왓,664,296
0.1903485254691689,0.013404825737265416,0.7962466487935657,성읍민속마을,746,414
0.15384615384615385,0.05128205128205128,0.7948717948717948,제주해양동물박물관,78,747
0.14285714285714285,0.025210084033613446,0.8319327731092437,제주허브동산,238,751
0.4866666666666667,0.013333333333333334,0.5,붉은오름 자연휴양림,150,311
0.23660714285714285,0.03125,0.7321428571428571,김영갑갤러리 두모악,224,111
0.2273706896551724,0.14331896551724138,0.6293103448275862,제주커피박물관 바움 Baum,928,741
0.23893805309734514,0.008849557522123894,0.7522123893805309,사라오름,113,332
0.21388888888888888,0.05,0.7361111111111112,일출랜드,360,618
0.12433075550267698,0.060083283759666865,0.8155859607376561,제주올레 1코스,1681,717
0.13861386138613863,0.019801980198019802,0.8415841584158416,따라비오름,101,207
0.3637566137566138,0.011904761904761904,0.6243386243386243,제주베니스랜드,756,678
0.18716577540106952,0.026737967914438502,0.786096256684492,성읍녹차마을,187,411
0.18053777208706787,0.023047375160051217,0.7964148527528809,백약이오름,781,281
0.07213930348258707,0.07711442786069651,0.8507462686567164,남원큰엉해변,402,127
0.21739130434782608,0.0,0.782608695652174,미천굴,115,259
0.11301369863013698,0.03767123287671233,0.8493150684931506,유민미술관,292,602
0.0821917808219178,0.0136986301369863,0.9041095890410958,대장금촬영지(제주민속촌),73,165
0.25892857142857145,0.008928571428571428,0.7321428571428571,옷귀마테마타운,112,555
0.24957264957264957,0.010256410256410256,0.7401709401709402,머체왓숲길,585,229
0.13818181818181818,0.06181818181818182,0.8,신흥2리 동백마을,275,482
0.3103448275862069,0.034482758620689655,0.6551724137931034,제주올레 2코스,58,720
0.25396825396825395,0.03968253968253968,0.7063492063492064,혼인지,126,909
0.18051575931232092,0.03868194842406877,0.7808022922636103,세계술박물관,698,418
0.3282442748091603,0.030534351145038167,0.6412213740458015,신양섭지해수욕장,131,468
0.12706611570247933,0.029958677685950414,0.8429752066115702,폴개협동조합,968,857
0.08333333333333333,0.013888888888888888,0.9027777777777778,다이나믹메이즈,144,150
0.2184115523465704,0.05054151624548736,0.7310469314079422,성읍랜드,554,412
0.29310344827586204,0.08620689655172414,0.6206896551724138,옥돔마을,58,551
0.2665505226480836,0.02264808362369338,0.710801393728223,표선해수욕장,574,859
0.24829157175398633,0.012528473804100227,0.7391799544419134,제주아리랑 NEW 혼,878,694
0.1196769456681351,0.03010279001468429,0.8502202643171806,효명사,1362,921
0.14473684210526316,0.02631578947368421,0.8289473684210527,제주올레 3코스,76,721
0.2014260249554367,0.016042780748663103,0.7825311942959001,조랑말체험공원,1122,755
0.31648936170212766,0.00997340425531915,0.6735372340425532,해품은체험농장,1504,895
0.25934579439252337,0.018691588785046728,0.7219626168224299,청초밭영농조합법인,428,810
0.26993865030674846,0.05521472392638037,0.6748466257668712,오름터 민속마을,163,544
0.16216216216216217,0.02702702702702703,0.8108108108108109,오조포구,74,548
0.18571428571428572,0.0653061224489796,0.7489795918367347,위미리 동백나무군락,490,597
0.4057971014492754,0.014492753623188406,0.5797101449275363,위미항,69,598
0.037037037037037035,0.037037037037037035,0.9259259259259259,물영아리오름,27,255
0.09433962264150944,0.018867924528301886,0.8867924528301887,허브동산 미디어 파사드 (media facade),106,898
0.07207207207207207,0.018018018018018018,0.9099099099099099,빛의 벙커,111,325
0.10909090909090909,0.045454545454545456,0.8454545454545455,포토갤러리 자연사랑미술관,110,856
0.18206053002979458,0.04249647169515446,0.7754429982750509,목장카페 드르쿰다,6377,239
0.22296865003198976,0.03550863723608445,0.7415227127319258,공천포,6252,55
0.21118555199533937,0.051267113311972035,0.7375473346926886,제주올레 4코스,3433,722
0.25928822839264765,0.03519749706687524,0.7055142745404771,제주올레 5코스,2557,723
0.18387553041018387,0.0297029702970297,0.7864214992927864,태웃개,707,832
0.2056151940545004,0.037985136251032205,0.7563996696944674,고흐의 정원,1211,52
0.2260536398467433,0.034482758620689655,0.7394636015325671,고살리숲길,261,48
0.2757201646090535,0.024691358024691357,0.6995884773662552,수악 (물오름),243,451
0.25,0.03431372549019608,0.7156862745098039,쇠와꽃 승마장,204,448
0.1828125,0.0390625,0.778125,알프스승마장포니,640,510
0.3230769230769231,0.03076923076923077,0.6461538461538462,성읍승마장,130,415
0.16363636363636364,0.0,0.8363636363636363,성산포항,110,410
0.11538461538461539,0.05384615384615385,0.8307692307692308,일출랜드 아트센터,130,619
0.17567567567567569,0.14189189189189189,0.6824324324324325,대포해안주상절리대,148,775
0.12037037037037036,0.12037037037037036,0.7592592592592593, 제주 올레길,108,703
0.3022508038585209,0.03858520900321544,0.6591639871382636, 산방산,311,340
0.12658227848101267,0.0759493670886076,0.7974683544303798, 헬로 키티 아일랜드,79,899
0.14285714285714285,0.05714285714285714,0.8, 건강과 성 박물관,35,34
0.19230769230769232,0.038461538461538464,0.7692307692307693, 제주항공우주박물관,26,745
0.12796208530805686,0.0995260663507109,0.7725118483412322, 카멜리아힐,211,818
0.24089635854341737,0.05322128851540616,0.7058823529411765, 산방굴사,357,337
0.4444444444444444,0.05555555555555555,0.5, 관음사,18,62
0.2608695652173913,0.0,0.7391304347826086, 더 마 파크,23,175
0.23076923076923078,0.057692307692307696,0.7115384615384616, 마라도,364,216
0.2948717948717949,0.0641025641025641,0.6410256410256411, 신화테마파크,78,479
0.0875,0.0125,0.9, 세계자동차제주박물관,80,419
0.20930232558139536,0.027906976744186046,0.7627906976744186, 이중섭 미술관,215,613
0.11538461538461539,0.08461538461538462,0.8, 가파도,130,15
0.225,0.025,0.75, 이호테우해변,120,616
0.2571428571428571,0.08571428571428572,0.6571428571428571, 제주 공룡 랜드,35,648
0.23780487804878048,0.10365853658536585,0.6585365853658537, 제주평화박물관,164,743
0.35403726708074534,0.016149068322981366,0.6298136645962733,오설록티뮤지엄,805,547
0.18473895582329317,0.040160642570281124,0.7751004016064257,곶자왈,249,57
0.1689497716894977,0.1780821917808219,0.6529680365296804,알뜨르비행장,219,503
0.14777327935222673,0.058704453441295545,0.7935222672064778,바이나흐튼 크리스마스 박물관,494,270
0.041666666666666664,0.03125,0.9270833333333334,제주실탄사격장,96,693
0.21601489757914338,0.0186219739292365,0.7653631284916201,사계 용머리해안,537,327
0.12941176470588237,0.021848739495798318,0.8487394957983193,"군산(군산오름,코메오름)",595,71
0.13496932515337423,0.022494887525562373,0.8425357873210634,천주교길 정난주길(고통의길)  ,489,806
0.14285714285714285,0.03571428571428571,0.8214285714285714,볼레낭길,28,301
0.1,0.0,0.9,그린크루즈(산방산유람선),20,83
0.5,0.0,0.5,모슬봉 (모슬개오름),4,235
0.14285714285714285,0.0,0.8571428571428571,서광리 곶자왈생태탐방로,21,372
0.35294117647058826,0.11764705882352941,0.5294117647058824,섯알오름,17,401
0.16666666666666666,0.05555555555555555,0.7777777777777778,형제섬,18,906
0.037037037037037035,0.0,0.9629629629629629,화순금모래해수욕장담수수영장 ,27,912
0.0,0.0,1.0,"그대, 나의 뮤즈 : 클림트 to 마티스",4,79
0.0,0.0,1.0,별내린전망대,2,291
0.0,0.0,1.0,김서프제주,4,110
0.4,0.1,0.5,무릉곶자왈,10,242
0.2857142857142857,0.0,0.7142857142857143,큰넓궤,7,824
0.2,0.0,0.8,디스커버제주,5,206
0.21875,0.03125,0.75,화순금모래해수욕장,32,911
0.08333333333333333,0.0,0.9166666666666666,조은승마장,24,758
0.18518518518518517,0.0,0.8148148148148148,대정해변(하모해변),27,167
0.0,0.0,0.0,백조일손지묘(백조일손지지),0,880
0.06666666666666667,0.2,0.7333333333333333,백조일손지묘,15,284
0.0,0.0,1.0,마라도기원정사,6,217
0.07692307692307693,0.0,0.9230769230769231,신도포구,13,463
0.0,0.0,1.0,송악산 진지동굴,1,442
0.14240506329113925,0.060126582278481014,0.7974683544303798,송계순집터,316,437
0.13333333333333333,0.06666666666666667,0.8,제주무등이왓터,15,241
0.14285714285714285,0.0,0.8571428571428571,마복이오름,14,219
0.0,0.0,1.0,바당미술관,7,268
0.0,0.0,1.0,제주신화전설탐방로 신나락만나락,7,692
0.125,0.0,0.875,당오름(안덕면),8,157
0.21428571428571427,0.0,0.7857142857142857,왕이메오름,14,559
0.2202247191011236,0.01348314606741573,0.7662921348314606,용머리해안,445,566
0.12794612794612795,0.02356902356902357,0.8484848484848485,산방산탄산온천,297,342
0.22085889570552147,0.024539877300613498,0.754601226993865,송악산,163,441
0.08847736625514403,0.01646090534979424,0.8950617283950617,소인국테마파크,486,432
0.28888888888888886,0.007407407407407408,0.7037037037037037,산방산,135,338
0.20950323974082075,0.01079913606911447,0.7796976241900648,안덕계곡,463,499
0.30495049504950494,0.005940594059405941,0.689108910891089,이니스프리제주하우스,505,605
0.22580645161290322,0.03225806451612903,0.7419354838709677,사계해변,62,328
0.21029082774049218,0.02237136465324385,0.767337807606264,산방산 용머리해안 지질트레일,447,341
0.16009852216748768,0.029556650246305417,0.8103448275862069,점보빌리지,406,633
0.22929936305732485,0.03184713375796178,0.7388535031847133,초콜릿박물관,628,812
0.05612244897959184,0.07142857142857142,0.8724489795918368,제주곶자왈도립공원,392,649
0.12995245641838352,0.07606973058637084,0.7939778129952456,제주아트서커스,631,695
0.07377049180327869,0.010245901639344262,0.9159836065573771,본태박물관,488,300
0.23529411764705882,0.0196078431372549,0.7450980392156863,피규어뮤지엄 제주,51,863
0.24719101123595505,0.028089887640449437,0.7247191011235955,귤밭76번지,178,77
0.12408759124087591,0.06569343065693431,0.8102189781021898,대평포구,274,170
0.25,0.022727272727272728,0.7272727272727273,사계해안도로,44,329
0.06315789473684211,0.021052631578947368,0.9157894736842105,제주추사관,95,738
0.13333333333333333,0.11666666666666667,0.75,고산일과해안도로,60,47
0.16666666666666666,0.08333333333333333,0.75,이상한 나라의 앨리스,12,608
0.23214285714285715,0.08928571428571429,0.6785714285714286,논짓물,56,139
0.1951219512195122,0.07317073170731707,0.7317073170731707,하멜기념비,41,867
0.2571428571428571,0.03076923076923077,0.7120879120879121,제주올레 12코스,455,707
0.08842105263157894,0.023157894736842106,0.888421052631579,박수기정,475,273
0.2853598014888337,0.07196029776674938,0.6426799007444168,무민랜드,403,244
0.0625,0.041666666666666664,0.8958333333333334,모슬포항,96,236
0.08695652173913043,0.08695652173913043,0.8260869565217391,그랑블루 요트투어,23,80
0.21065989847715735,0.02284263959390863,0.766497461928934,대한민국최남단기념비/ 마라도 기념비,394,172
0.1592356687898089,0.025477707006369428,0.8152866242038217,제주제트,157,735
0.17391304347826086,0.023715415019762844,0.8023715415019763,제주올레 9코스,253,728
0.08917197452229299,0.041401273885350316,0.8694267515923567,제주올레 10코스,314,704
0.10096153846153846,0.038461538461538464,0.8605769230769231,조안베어뮤지엄,208,757
0.30597014925373134,0.13930348258706468,0.554726368159204,추사적거지,402,816
0.0,0.1111111111111111,0.8888888888888888,오페라 옴니아 : 라파엘로展,9,549
0.1839080459770115,0.04597701149425287,0.7701149425287356,제주올레 11코스,174,705
0.18666666666666668,0.04,0.7733333333333333,노리매공원,75,134
0.17901234567901234,0.043209876543209874,0.7777777777777778,대유ATV수렵사격랜드,162,164
0.3597335307179867,0.005921539600296077,0.6343449296817173,사려니숲길 - 붉은오름 입출구,1351,333
0.2127659574468085,0.02955082742316785,0.7576832151300237,우도,846,571
0.3069306930693069,0.019801980198019802,0.6732673267326733,협재해변,303,905
0.2875816993464052,0.02287581699346405,0.6895424836601307,월정리해변,306,594
0.1993214588634436,0.05343511450381679,0.7472434266327396,한라산,1179,876
0.3028229255774166,0.009409751924721984,0.6877673224978614,비자림,1169,321
0.20743494423791822,0.013382899628252789,0.779182156133829,만장굴,1345,224
0.17590822179732313,0.019120458891013385,0.8049713193116634,새별오름,1046,363
0.28996865203761757,0.011755485893416929,0.6982758620689655,제주절물자연휴양림,1276,734
0.25553319919517103,0.030181086519114688,0.7142857142857143,이호테우해변 빨간말등대,497,615
0.2568519968676586,0.014095536413469069,0.7290524667188724,함덕해수욕장,1277,889
0.2077922077922078,0.0,0.7922077922077922,한담해안산책로,77,515
0.24925816023738873,0.021760633036597428,0.7289812067260139,산굼부리,1011,336
0.16559139784946236,0.017204301075268817,0.8172043010752689,김녕미로공원,930,655
0.1839572192513369,0.01818181818181818,0.7978609625668449,용두암,935,564
0.27607361963190186,0.012269938650306749,0.7116564417177914,아침미소목장,163,495
0.2158273381294964,0.019984012789768184,0.7641886490807354,한림공원,1251,882
0.275320970042796,0.009985734664764621,0.7146932952924394,세화해변,701,425
0.15082644628099173,0.026859504132231406,0.8223140495867769,거문오름,968,29
0.20164233576642335,0.010036496350364963,0.7883211678832117,곽지해수욕장,1096,59
0.17827868852459017,0.05122950819672131,0.7704918032786885,제주조천 스위스마을,976,736
0.10228353948620361,0.03615604186489058,0.8615604186489058,제주카트장 제주레포츠랜드(주),2102,671
0.30072756669361356,0.004042037186742118,0.6952303961196443,환상숲곶자왈공원,1237,915
0.2297551789077213,0.011299435028248588,0.7589453860640302,금능해수욕장,1062,87
0.20823798627002288,0.02288329519450801,0.7688787185354691,용눈이오름,437,561
0.25274725274725274,0.03296703296703297,0.7142857142857143,오라동 청보리-메밀꽃밭,364,543
0.14906219151036526,0.006910167818361303,0.8440276406712734,제주 레일바이크,1013,670
0.2532467532467532,0.006493506493506494,0.7402597402597403,김녕해수욕장,308,105
0.20257234726688103,0.024115755627009645,0.7733118971061094,마방목지,622,218
0.2088998763906057,0.011124845488257108,0.7799752781211372,검멀레 해변,809,40
0.16004540295119182,0.032917139614074914,0.8070374574347332,메이즈랜드,881,231
0.37542662116040953,0.017064846416382253,0.6075085324232082,서빈백사해변(홍조단괴 산호해변),1172,575
0.15495867768595042,0.026859504132231406,0.8181818181818182,생각하는정원,968,368
0.3183098591549296,0.036619718309859155,0.6450704225352113,아날로그감귤밭,355,486
0.09861932938856016,0.047337278106508875,0.854043392504931,관덕정,507,61
0.43902439024390244,0.024390243902439025,0.5365853658536586,신비의도로,41,464
0.2506493506493506,0.015584415584415584,0.7337662337662337,도두 무지개 해안도로,770,177
0.10287610619469026,0.07853982300884955,0.8185840707964602,브릭캠퍼스 제주,904,315
0.2860335195530726,0.0067039106145251395,0.7072625698324022,한담해변,895,872
0.16209150326797386,0.02875816993464052,0.8091503267973856,제주 유리의성,765,731
0.09601634320735444,0.018386108273748723,0.8855975485188968,국립제주박물관,979,70
0.19220779220779222,0.05194805194805195,0.7558441558441559,테지움 제주,385,836
0.1724137931034483,0.016091954022988506,0.8114942528735632,다랑쉬오름,435,148
0.023255813953488372,0.08139534883720931,0.8953488372093024,플레이박스VR,86,862
0.15440508628519528,0.02633969118982743,0.8192552225249773,제주 돌문화공원,1101,665
0.1459227467811159,0.02145922746781116,0.8326180257510729,아부오름,233,491
0.10697674418604651,0.052093023255813956,0.8409302325581396,넥슨컴퓨터박물관,1075,132
0.26104417670682734,0.01606425702811245,0.7228915662650602,비양도,249,317
0.19309372797744892,0.018322762508809022,0.7885835095137421,스누피가든,1419,458
0.19852941176470587,0.029411764705882353,0.7720588235294118,서우봉,136,390
0.1806981519507187,0.049281314168377825,0.7700205338809035,수목원테마파크,974,449
0.11378205128205128,0.028846153846153848,0.8573717948717948,9.81 파크,1248,6
0.2462787550744249,0.014884979702300407,0.7388362652232747,월령 선인장 군락지,739,591
0.125,0.028361344537815126,0.8466386554621849,제주현대미술관,952,752
0.17886178861788618,0.008130081300813009,0.8130081300813008,차귀도,123,792
0.16606822262118492,0.017953321364452424,0.8159784560143627,금오름,1114,93
0.13846153846153847,0.020512820512820513,0.841025641025641,돌하르방 미술관,390,305
0.2868217054263566,0.023255813953488372,0.689922480620155,수월봉,258,452
0.21804511278195488,0.011278195488721804,0.7706766917293233,협재굴,532,903
0.2545454545454545,0.0,0.7454545454545455,김녕금속공예벽화마을,55,101
0.14016172506738545,0.020664869721473494,0.839173405211141,제주해녀박물관,1113,892
0.19678714859437751,0.020080321285140562,0.7831325301204819,도두봉,249,178
0.15254237288135594,0.0211864406779661,0.826271186440678,비체올린,472,322
0.1400462962962963,0.03009259259259259,0.8298611111111112,삼성혈,864,356
0.049689440993788817,0.024844720496894408,0.9254658385093167,제주도자전거대여 보물섬하이킹,161,299
0.2222222222222222,0.031746031746031744,0.746031746031746,정물오름,126,635
0.10651629072681704,0.010025062656641603,0.8834586466165414,제주불빛정원,798,685
0.24461538461538462,0.016923076923076923,0.7384615384615385,닭머르해안,650,153
0.19741100323624594,0.019417475728155338,0.7831715210355987,월정리 투명 카약,309,828
0.05327868852459016,0.018442622950819672,0.9282786885245902,제주빅볼랜드,488,686
0.14527845036319612,0.04600484261501211,0.8087167070217918,별빛누리공원,413,679
0.1643835616438356,0.009483667017913594,0.8261327713382508,판포 포구,949,848
0.11022727272727273,0.022727272727272728,0.8670454545454546,제주특별자치도 민속자연사박물관,880,260
0.19758507135016465,0.025246981339187707,0.7771679473106476,항파두리 항몽유적지,911,890
0.08130081300813008,0.02168021680216802,0.8970189701897019,액티브파크,369,519
0.28225806451612906,0.04032258064516129,0.6774193548387096,[제주올레 20코스] 김녕-하도 올레,124,718
0.05555555555555555,0.1111111111111111,0.8333333333333334,트릭아이미술관 제주,54,82
0.25136612021857924,0.03278688524590164,0.7158469945355191,김만덕객주,183,108
0.2807971014492754,0.012681159420289856,0.7065217391304348,하고수동 해변,552,864
0.2809917355371901,0.09917355371900827,0.6198347107438017,[제주올레 19코스] 조천-김녕 올레,121,716
0.2846715328467153,0.043795620437956206,0.6715328467153284,[제주올레 15A코스] 한림-고내 올레,137,711
0.1569620253164557,0.027848101265822784,0.8151898734177215,한라산국립공원 성판악탐방로,395,874
0.140625,0.0625,0.796875,[제주올레 21코스] 하도-종달 올레,64,719
0.3125,0.0,0.6875,샤이니숲길,192,370
0.10687022900763359,0.06870229007633588,0.8244274809160306,제주목 관아,655,672
0.16,0.02,0.82,장전리 벚꽃길,50,627
0.15471698113207547,0.03773584905660377,0.8075471698113208,우도등대,265,572
0.22900763358778625,0.007633587786259542,0.7633587786259542,우도 비양도,393,570
0.1282051282051282,0.020512820512820513,0.8512820512820513,지미봉,195,787
0.15584415584415584,0.05194805194805195,0.7922077922077922,탐나라공화국,154,829
0.15073529411764705,0.025735294117647058,0.8235294117647058,캐릭파크제주,272,820
0.19811320754716982,0.007075471698113208,0.7948113207547169,평대리해변,848,850
0.11235059760956176,0.022310756972111555,0.8653386454183267,아르떼뮤지엄 제주,1255,490
0.2073490813648294,0.007874015748031496,0.7847769028871391,구엄리 돌염전,762,67
0.06493506493506493,0.025974025974025976,0.9090909090909091,제주교육박물관,77,650
0.2773109243697479,0.008403361344537815,0.7142857142857143,윗세오름,119,600
0.24033149171270718,0.024861878453038673,0.7348066298342542,천왕사,362,799
0.1223021582733813,0.03597122302158273,0.841726618705036,서프라이즈테마파크,417,392
0.28294930875576035,0.012903225806451613,0.7041474654377881,한라 생태숲,1085,878
0.20212765957446807,0.0425531914893617,0.7553191489361702,종달리 수국길,94,770
0.14285714285714285,0.031746031746031744,0.8253968253968254,선운정사,252,395
0.21914357682619648,0.0025188916876574307,0.7783375314861462,안돌오름,397,501
0.20930232558139536,0.031007751937984496,0.7596899224806202,[제주올레 14-1코스] 저지-서광 올레,129,710
0.14446952595936793,0.009029345372460496,0.8465011286681715,삼양해수욕장,886,359
0.14634146341463414,0.03048780487804878,0.823170731707317,캐니언파크,164,819
0.1320754716981132,0.02830188679245283,0.839622641509434,제주돌마을공원,106,664
0.11848341232227488,0.07345971563981042,0.8080568720379147,김만덕 기념관,422,109
0.2334293948126801,0.01729106628242075,0.7492795389048992,답다니탑망대,347,154
0.11716937354988399,0.016241299303944315,0.8665893271461717,노형수퍼마켙,862,137
0.1595744680851064,0.02127659574468085,0.8191489361702128,실내 체험동물원 라온ZOO,188,210
0.16905444126074498,0.011461318051575931,0.8194842406876791,김녕요트투어,349,103
0.248,0.056,0.696,두맹이골목,125,201
0.0855106888361045,0.05463182897862233,0.8598574821852731,아라리오뮤지엄 탑동시네마,421,489
0.3803921568627451,0.011764705882352941,0.6078431372549019,한림바다생태체험마을,255,883
0.1016949152542373,0.03389830508474576,0.864406779661017,ARARIO MUSEUM DONGMUN MOTEL-아라리오뮤지엄 동문모텔,59,487
0.225,0.025,0.75,쌍용굴,40,484
0.1346153846153846,0.019230769230769232,0.8461538461538461,낙천아홉굿마을,520,119
0.2607003891050584,0.007782101167315175,0.7315175097276264,교래자연휴양림,1028,66
0.2602739726027397,0.0273972602739726,0.7123287671232876,제주해변공연장,73,831
0.1262135922330097,0.047156726768377254,0.826629680998613,제주도립 김창열미술관,721,663
0.23118279569892472,0.0035842293906810036,0.7652329749103942,노루생태관찰원,558,133
0.11764705882352941,0.03715170278637771,0.8452012383900929,제주 금능석물원,323,85
0.26666666666666666,0.025,0.7083333333333334,산지등대,120,344
0.08247422680412371,0.01718213058419244,0.9003436426116839,사진놀이터,291,335
0.17326732673267325,0.024752475247524754,0.801980198019802,제주승마공원,404,699
0.21052631578947367,0.0,0.7894736842105263,별도봉,76,292
0.2231404958677686,0.008264462809917356,0.768595041322314,국제 리더스 클럽,121,733
0.22641509433962265,0.05660377358490566,0.7169811320754716,용담포구,53,145
0.36231884057971014,0.014492753623188406,0.6231884057971014,장생의 숲길,138,626
0.17777777777777778,0.044444444444444446,0.7777777777777778,[제주올레 16코스] 고내-광령 올레,135,713
0.2336448598130841,0.056074766355140186,0.7102803738317757,[제주올레 13코스] 용수-저지 올레,107,708
0.21311475409836064,0.04918032786885246,0.7377049180327869,어리목 계곡,61,522
0.2834008097165992,0.032388663967611336,0.6842105263157895,엉알해안,247,527
0.21951219512195122,0.018292682926829267,0.7621951219512195,저지오름,164,629
0.1347517730496454,0.07092198581560284,0.7943262411347518,잃어버린 마을 곤을동 (곤흘동 4·3 유적지),141,54
0.18652849740932642,0.015544041450777202,0.7979274611398963,제주바다체험장,193,677
0.22955145118733508,0.1820580474934037,0.5883905013192612,천주교 성김대건 신부 제주 표착 기념관,379,402
0.28865979381443296,0.05154639175257732,0.6597938144329897,(주)한라산소주,97,875
0.1976401179941003,0.029498525073746312,0.7728613569321534,별방진,339,295
0.2,0.0,0.8,불탑사,55,310
0.1851400730816078,0.024360535931790498,0.7904993909866017,사라봉공원,821,331
0.21479713603818615,0.02386634844868735,0.7613365155131265,방림원,419,277
0.14516129032258066,0.016129032258064516,0.8387096774193549,산지천갤러리,62,346
0.17228464419475656,0.003745318352059925,0.8239700374531835,화조원,267,914
0.3103448275862069,0.0,0.6896551724137931,명월성지,29,232
0.16831683168316833,0.019801980198019802,0.8118811881188119,김녕해수욕장 야영장,101,106
0.048484848484848485,0.015151515151515152,0.9363636363636364,송당승마장,330,439
0.11016949152542373,0.2711864406779661,0.6186440677966102,제주항일기념관,118,746
0.32967032967032966,0.01098901098901099,0.6593406593406593,거인의정원,91,32
0.08695652173913043,0.03260869565217391,0.8804347826086957,제주카트클럽,92,740
0.25806451612903225,0.025806451612903226,0.7161290322580646,휴림(제주시 애월읍),155,924
0.26666666666666666,0.01904761904761905,0.7142857142857143,김녕항,105,104
0.1935483870967742,0.021505376344086023,0.7849462365591398,훈데르트바서파크,93,922
0.19718309859154928,0.04225352112676056,0.7605633802816901,톨칸이해변,71,842
0.2079207920792079,0.009900990099009901,0.7821782178217822,포레스트사파리,101,855
0.25555555555555554,0.0,0.7444444444444445,구엄포구,90,68
0.2909090909090909,0.01090909090909091,0.6981818181818182,해거름전망대,275,891
0.13978494623655913,0.15053763440860216,0.7096774193548387,조천만세동산,93,761
0.24567474048442905,0.020761245674740483,0.7335640138408305,신비의도로 (도깨비도로),867,465
0.1404109589041096,0.017123287671232876,0.8424657534246576,제주신산근린공원,292,466
0.18181818181818182,0.010101010101010102,0.8080808080808081,문도지오름,99,246
0.18324607329842932,0.010471204188481676,0.806282722513089,삼화포구,191,361
0.1111111111111111,0.0,0.8888888888888888,산천단,45,348
0.2125,0.075,0.7125,제주성서식물원비블리아,80,316
0.17857142857142858,0.015306122448979591,0.8061224489795918,새별헤이요목장,196,364
0.16326530612244897,0.0,0.8367346938775511,민오름(오라),98,262
0.2109500805152979,0.01288244766505636,0.7761674718196457,어영공원,621,524
0.21367521367521367,0.02564102564102564,0.7606837606837606,제주김택화미술관,117,113
0.20359281437125748,0.04790419161676647,0.7485029940119761,제주고산리유적안내센터,167,647
0.125,0.011363636363636364,0.8636363636363636,돌하르방 캠핑장,88,666
0.29931972789115646,0.02040816326530612,0.6802721088435374,제주다,147,658
0.14788732394366197,0.007042253521126761,0.8450704225352113,느지리오름(망오름),142,144
0.056338028169014086,0.04225352112676056,0.9014084507042254,제라진어드벤처 제주오프로드,71,639
0.2558139534883721,0.06976744186046512,0.6744186046511628,절부암,43,632
0.2532467532467532,0.006493506493506494,0.7402597402597403,절물오름,154,631
0.1111111111111111,0.017094017094017096,0.8717948717948718,제주아트센터,234,696
0.1111111111111111,0.031746031746031744,0.8571428571428571,제주안전체험관,63,697
0.1411764705882353,0.01699346405228758,0.8418300653594771,제주세계자연유산센터,765,688
0.09859154929577464,0.028169014084507043,0.8732394366197183,예술공간 이아,71,541
0.1702127659574468,0.0425531914893617,0.7872340425531915,연북정 (戀北亭),141,532
0.26,0.02,0.72,연대포구,50,530
0.33783783783783783,0.02702702702702703,0.6351351351351351,월령포구,74,592
0.14393939393939395,0.030303030303030304,0.8257575757575758,월대천,132,588
0.030612244897959183,0.030612244897959183,0.9387755102040817,우도올레보트,98,577
0.07582938388625593,0.04170616113744076,0.8824644549763033,제주 4·3 평화공원,1055,646
0.09896432681242807,0.02186421173762946,0.8791714614499425,선녀와 나무꾼 테마공원,869,394
0.10286320254506894,0.043478260869565216,0.8536585365853658,제주특별자치도립미술관,943,742
0.21191135734072022,0.02077562326869806,0.7673130193905817,용연구름다리,722,568
0.2773892773892774,0.008158508158508158,0.7144522144522144,신창풍차해안,858,474
0.22033898305084745,0.03389830508474576,0.7457627118644068,[제주올레 18코스] 제주원도심-조천 올레,59,715
0.09090909090909091,0.0,0.9090909090909091,[제주올레 1-1코스] 우도 올레,33,706
0.277992277992278,0.019305019305019305,0.7027027027027027,삼다수숲길,259,352
0.23404255319148937,0.0,0.7659574468085106,내도동 알작지 해변,47,507
0.16715542521994134,0.039589442815249266,0.7932551319648093,어승생악,682,523
0.3228346456692913,0.0,0.6771653543307087,천아계곡,127,797
0.19318181818181818,0.011363636363636364,0.7954545454545454,동안경굴,88,39
0.14925373134328357,0.022388059701492536,0.8283582089552238,제주대학교,134,661
0.19815668202764977,0.043010752688172046,0.7588325652841782,대한불교조계종 관음사,651,63
0.2868217054263566,0.023255813953488372,0.689922480620155,엉알해안 산책길,129,528
0.06836248012718601,0.0397456279809221,0.8918918918918919,제주난타전용관,629,656
0.1652892561983471,0.04132231404958678,0.7933884297520661,방선문계곡,121,278
0.22641509433962265,0.009433962264150943,0.7641509433962265,함덕서우봉해변 야영장,106,887
0.29411764705882354,0.0,0.7058823529411765,고내포구,68,43
0.07428571428571429,0.02857142857142857,0.8971428571428571,제주특별자치도문예회관,175,673
0.13333333333333333,0.022222222222222223,0.8444444444444444,벨리타,90,290
0.25,0.0,0.75,멍멍플레이스 (애견동반펜션 ),68,230
0.23062730627306274,0.016605166051660517,0.7527675276752768,제주양떼목장,542,698
